Parameter,Decision,Reason,Stage
Patient Lot/Batch #,excluded,"the identifier, kept as metadata rather than encoded",role
Vector Lot,excluded,"the grouping column, kept as metadata rather than encoded",role
Post Thaw FLOW CD3+ (%),excluded,"available at Post-thaw, after the prediction point (Harvest)",availability
Post Thaw FLOW CD4+ (%),excluded,"available at Post-thaw, after the prediction point (Harvest)",availability
Post Wash POS FLOW CD3+ (%),excluded,"available at Wash, after the prediction point (Harvest)",availability
Post Wash POS FLOW CD4+ (%),excluded,"available at Wash, after the prediction point (Harvest)",availability
Post Wash POS FLOW CD8+ (%),excluded,"available at Wash, after the prediction point (Harvest)",availability
Post Thaw CD4:CD8 Ratio,excluded,"available at Post-thaw, after the prediction point (Harvest)",availability
Post Thaw Viable Cell Count after sampling(cells),excluded,"available at Post-thaw, after the prediction point (Harvest)",availability
Post Wash POS Viability (%),excluded,"available at Wash, after the prediction point (Harvest)",availability
Harvest Post Wash Viability Average (%),excluded,"available at Wash, after the prediction point (Harvest)",availability
Harvest Post Wash Viable Cell Count (cells),excluded,not available at the prediction point (Harvest): counted after the wash,availability
Harvest Post Wash Viable Cell Concentration Average (cells/mL),excluded,"available at Wash, after the prediction point (Harvest)",availability
Volume of Cells Used for Formulation (mL),excluded,"available at Formulation, after the prediction point (Harvest)",availability
Volume CS5 Used for Formulation (mL),excluded,"available at Formulation, after the prediction point (Harvest)",availability
Volume per Bag (mL),excluded,"available at Formulation, after the prediction point (Harvest)",availability
Final Formulation CS5 Viable Cell Concentration Average (cells/mL),excluded,"available at Formulation, after the prediction point (Harvest)",availability
Final Formulation CS5 Viability Average (%),excluded,"available at Formulation, after the prediction point (Harvest)",availability
FP Flow CAR+ (%),excluded,"the target, kept as metadata rather than encoded",role
Provirus Vector Copy Number (copies/transduced cell),excluded,"available at Final product, after the prediction point (Harvest)",availability
Subject Weight (kg),excluded,dose per kilogram already carries it,task exclusion
Dose (CAR+ viable cells/kg),excluded,"available at Formulation, after the prediction point (Harvest)",availability
Dose: Number of CAR+ Viable T-Cells (cells),excluded,"available at Formulation, after the prediction point (Harvest)",availability
Day 6 Temperature (°C),excluded,"the PTF gives it no 'Available At' stage, so it cannot be shown to exist by the prediction point (Harvest)",availability
Endotoxin (EU/mL),excluded,"available at Release, after the prediction point (Harvest)",availability
Recovery (%),excluded,"available at Release, after the prediction point (Harvest)",availability
Manufacturing and Release Testing Completed? (Y/N),excluded,"available at Release, after the prediction point (Harvest)",availability
Mycoplasma,excluded,"available at Release, after the prediction point (Harvest)",availability
OOS Type,excluded,"available at Post-release, after the prediction point (Harvest)",availability
Non-Conformance Type,excluded,"available at Post-release, after the prediction point (Harvest)",availability
Disposition,excluded,"available at Post-release, after the prediction point (Harvest)",availability
Log (PE CD4:CD8),excluded,"available at Wash, after the prediction point (Harvest)",availability
PT Total  CD3+ (Viable Cells),excluded,"available at Post-thaw, after the prediction point (Harvest)",availability
PT CD3+CD4+ (%),excluded,"available at Post-thaw, after the prediction point (Harvest)",availability
PT Total CD4+ (Viable Cells),excluded,"available at Post-thaw, after the prediction point (Harvest)",availability
PE CD3+CD4+ (%),excluded,"available at Wash, after the prediction point (Harvest)",availability
PE CD3+CD8+ (%),excluded,"available at Wash, after the prediction point (Harvest)",availability
CD4 profile,excluded,"available at Post-thaw, after the prediction point (Harvest)",availability
Drop viability D3 vs D0 (%),excluded,"available at Wash, after the prediction point (Harvest)",availability
Viability_drop_D3_vs_D0_pct,excluded,"available at Wash, after the prediction point (Harvest)",availability
Viability_change_D3_to_D10_pct,excluded,"available at Wash, after the prediction point (Harvest)",availability
D10 harvest - D10 wash viability change (%),excluded,"available at Wash, after the prediction point (Harvest)",availability
Dose (CAR+ viable cells/kg) all weights,excluded,"available at Formulation, after the prediction point (Harvest)",availability
Post formulation dose,excluded,"available at Formulation, after the prediction point (Harvest)",availability
D10 Achievable Dose (E6 CAR+ viable T-cells),excluded,"available at Wash, after the prediction point (Harvest)",availability
D10 Total CAR+ viable T-cells achieved,excluded,"available at Wash, after the prediction point (Harvest)",availability
VCN/cell,excluded,computed from the target: FP Flow CAR+ (%) → VCN/cell,target lineage
Flow accuracy (effective),excluded,computed from the target: FP Flow CAR+ (%) → Flow accuracy (effective),target lineage
Total CS5 cell concentration (E6 cells/mL),excluded,"available at Formulation, after the prediction point (Harvest)",availability
total viable cells used for formulation,excluded,"available at Formulation, after the prediction point (Harvest)",availability
total viable cells in formulated suspension,excluded,"available at Formulation, after the prediction point (Harvest)",availability
number of viable cells lost during formulation,excluded,"available at Formulation, after the prediction point (Harvest)",availability
% cells lost during formulation,excluded,"available at Formulation, after the prediction point (Harvest)",availability
total cells lost during LOVO wash (cells),excluded,"available at Wash, after the prediction point (Harvest)",availability
LVCoA_Impurity_Index_zsum,excluded,"standardised within its own site's batches, so its value depends on which batches were processed with it — exploratory only",site-relative
Day 6 CO2 Saturation (%) dev_from_5.0pct,excluded,"the PTF gives it no 'Available At' stage, so it cannot be shown to exist by the prediction point (Harvest)",availability
Day 6 Temperature (°C) dev_from_37.0C,excluded,"the PTF gives it no 'Available At' stage, so it cannot be shown to exist by the prediction point (Harvest)",availability
Patient ID,excluded,"14 categories over 14 batches (k/n 1.00 > 0.5) — an identifier, not a category",categorical routing
day 3 clump pattern,excluded,"one category, or none",categorical routing
Incubator ID,excluded,"9 categories over 14 batches (k/n 0.64 > 0.5) — an identifier, not a category",categorical routing
Type,excluded,"one category, or none",categorical routing
D3 % cells seeded / target,excluded,duplicates 'Avg_cells_per_bag_D3' (R²=1.0 over 14 shared batches),near-duplicate
Day 3 Actual Viable Cells Seeded G-Rex A,excluded,duplicates 'Avg_cells_per_bag_D3' (R²=1.0 over 14 shared batches),near-duplicate
Day 3 Number of G-Rex to seed,excluded,duplicates '# of Culture Bags' (R²=1.0 over 14 shared batches),near-duplicate
Glucose_perE6_AUC_D6_D10,excluded,duplicates 'D6 Glucose / E6 cells' (R²=0.9923 over 14 shared batches),near-duplicate
Harvest Lactate Normalized,excluded,duplicates 'D10 Lact / E6 cells' (R²=1.0 over 14 shared batches),near-duplicate
LV CoA CAR% - Donor 1,excluded,duplicates '# of Culture Bags' (R²=1.0 over 14 shared batches),near-duplicate
LV CoA CAR% - Donor 2,excluded,duplicates '# of Culture Bags' (R²=1.0 over 14 shared batches),near-duplicate
LV CoA DNA size,excluded,duplicates '# of Culture Bags' (R²=1.0 over 14 shared batches),near-duplicate
LV CoA E1a cDNA,excluded,duplicates '# of Culture Bags' (R²=1.0 over 14 shared batches),near-duplicate
LV CoA E1b cDNA,excluded,duplicates '# of Culture Bags' (R²=1.0 over 14 shared batches),near-duplicate
LV CoA HCP,excluded,duplicates '# of Culture Bags' (R²=1.0 over 14 shared batches),near-duplicate
LV CoA IFNg - Donor 1,excluded,duplicates '# of Culture Bags' (R²=1.0 over 14 shared batches),near-duplicate
LV CoA IFNg - Donor 2,excluded,duplicates '# of Culture Bags' (R²=1.0 over 14 shared batches),near-duplicate
LV CoA LV Titer,excluded,duplicates '# of Culture Bags' (R²=1.0 over 14 shared batches),near-duplicate
LV CoA Osmolality,excluded,duplicates '# of Culture Bags' (R²=1.0 over 14 shared batches),near-duplicate
LV CoA PI Ratio,excluded,duplicates '# of Culture Bags' (R²=1.0 over 14 shared batches),near-duplicate
LV CoA Physical Titer p24 ELISA,excluded,duplicates '# of Culture Bags' (R²=1.0 over 14 shared batches),near-duplicate
LV CoA Volume,excluded,duplicates '# of Culture Bags' (R²=1.0 over 14 shared batches),near-duplicate
LV CoA cDNA,excluded,duplicates '# of Culture Bags' (R²=1.0 over 14 shared batches),near-duplicate
LV CoA pDNA,excluded,duplicates '# of Culture Bags' (R²=1.0 over 14 shared batches),near-duplicate
LV CoA pH,excluded,duplicates '# of Culture Bags' (R²=1.0 over 14 shared batches),near-duplicate
Lactate_perE6_AUC_D6_D10,excluded,duplicates 'D10 Lact / E6 cells' (R²=0.9961 over 14 shared batches),near-duplicate
Seeded_cells_cv_AB,excluded,duplicates '# of Culture Bags' (R²=1.0 over 14 shared batches),near-duplicate
Seeded_cells_max_AB,excluded,duplicates 'Avg_cells_per_bag_D3' (R²=1.0 over 14 shared batches),near-duplicate
Seeded_cells_mean_AB,excluded,duplicates 'Avg_cells_per_bag_D3' (R²=0.9965 over 14 shared batches),near-duplicate
Total Viable Cells for Expansion after VSVg Sampling (cells),excluded,duplicates 'Day 3 Total Viable Cells Available for Seeding G-Rex (cells)' (R²=1.0 over 14 shared batches),near-duplicate
Vector_volume_std_AB_mL,excluded,duplicates 'Vector_volume_cv_AB_mL' (R²=0.9999 over 14 shared batches),near-duplicate
Viability change during expansion,excluded,duplicates 'D3-D10 viability change (%)' (R²=1.0 over 14 shared batches),near-duplicate
log_MOI_eff_G-Rex_A,excluded,duplicates 'MOI_eff_G-Rex_A' (R²=0.996 over 14 shared batches),near-duplicate
log_MOI_eff_pool,excluded,duplicates 'MOI_eff_pool' (R²=0.9986 over 14 shared batches),near-duplicate
Day 3 Actual Viable Cells Seeded G-Rex B,excluded,"'Day 3 Actual Viable Cells Seeded G-Rex B' has 7 values, below the 8 this task requires",sparsity
Day 6 Glucose G-Rex B (g/L),excluded,"'Day 6 Glucose G-Rex B (g/L)' has 7 values, below the 8 this task requires",sparsity
Day 6 Lactate G-Rex B (g/L),excluded,"'Day 6 Lactate G-Rex B (g/L)' has 7 values, below the 8 this task requires",sparsity
Day 8 Glucose G-Rex B (g/L),excluded,"'Day 8 Glucose G-Rex B (g/L)' has 7 values, below the 8 this task requires",sparsity
MOI_eff_G-Rex_B,excluded,"'MOI_eff_G-Rex_B' has 7 values, below the 8 this task requires",sparsity
Volume Vector Added to G-Rex B (mL),excluded,"'Volume Vector Added to G-Rex B (mL)' has 7 values, below the 8 this task requires",sparsity
log_MOI_eff_G-Rex_B,excluded,"'log_MOI_eff_G-Rex_B' has 7 values, below the 8 this task requires",sparsity
Shift Team,excluded,"'Shift Team_Other' is constant on the fitted rows, to measurement precision",near-constant
Clinical Site,excluded,"'Clinical Site_Other' is constant on the fitted rows, to measurement precision",near-constant
Media Lot,excluded,"'Media Lot_Other' is constant on the fitted rows, to measurement precision",near-constant
growth profile,excluded,"'growth profile_Other' is constant on the fitted rows, to measurement precision",near-constant
D3_seeding_within_5pct,excluded,"'D3_seeding_within_5pct' is constant on the fitted rows, to measurement precision",near-constant
Incubation D0-D1 (min),excluded,"'Incubation D0-D1 (min)' is constant on the fitted rows, to measurement precision",near-constant
Incubation D1-D3,excluded,"'Incubation D1-D3' is constant on the fitted rows, to measurement precision",near-constant
Incubation_total_D3_to_D10_min,excluded,"'Incubation_total_D3_to_D10_min' is constant on the fitted rows, to measurement precision",near-constant
D3_clumps_flag,excluded,"'D3_clumps_flag' is constant on the fitted rows, to measurement precision",near-constant
Day 10 Clump Present Bag 1,included,binary,encoding
Day 10 Clump Present Bag 2,included,binary,encoding
Day 10 Clump Present Bag 3,included,binary,encoding
Country,included,binary,encoding
Pre-Activation Clumps: Y/N?,included,binary,encoding
Clinical Site ID,included,binary,encoding
IL-2 Lot,included,binary,encoding
LV CoA Site/Format,included,binary,encoding
Shift Team,included,one-hot,encoding
Shift Team,included,one-hot,encoding
Shift Team,included,one-hot,encoding
Shift Team,included,one-hot,encoding
Shift Team,included,one-hot,encoding
Shift Team,included,one-hot,encoding
Clinical Site,included,one-hot,encoding
Clinical Site,included,one-hot,encoding
Clinical Site,included,one-hot,encoding
Media Lot,included,one-hot,encoding
Media Lot,included,one-hot,encoding
Media Lot,included,one-hot,encoding
Media Lot,included,one-hot,encoding
growth profile,included,one-hot,encoding
growth profile,included,one-hot,encoding
growth profile,included,one-hot,encoding
Clump Severity,included,ordinal,encoding
# of Culture Bags,included,numeric,encoding
Amount of Time G-Rex A in Incubator (120min+/-30 min),included,duration,encoding
Amount of Time G-Rex B in Incubator (120min+/-30 min),included,duration,encoding
Avg_cells_per_bag_D3,included,numeric,encoding
CAR T produced per cell engaged D3,included,numeric,encoding
Clump_burden_weighted_post_massage,included,numeric,encoding
Clump_burden_weighted_post_mixing,included,numeric,encoding
Clump_burden_weighted_pre,included,numeric,encoding
Clump_count_reduction_fraction,included,numeric,encoding
Clump_size_reduction_fraction,included,numeric,encoding
D10 Glucose / E6 cells,included,numeric,encoding
D10 Lact / E6 cells,included,numeric,encoding
D10_clump_bag_count,included,numeric,encoding
D3-D10 viability change (%),included,numeric,encoding
D3_contact_time_deviation,included,numeric,encoding
D3_contact_time_deviation_G-Rex_A,included,numeric,encoding
D3_contact_time_deviation_G-Rex_B,included,numeric,encoding
D3_contact_time_within_window,included,numeric,encoding
D3_contact_time_within_window_G-Rex_A,included,numeric,encoding
D3_contact_time_within_window_G-Rex_B,included,numeric,encoding
D3_seeding_error_pct,included,numeric,encoding
D6 Glucose / E6 cells,included,numeric,encoding
D6 Lact / E6 cells,included,numeric,encoding
D8 Glucose / E6 cells,included,numeric,encoding
Day 1 Number of Mixing Cycles Post Activation,included,numeric,encoding
Day 3 Average of Pooled Viability (%),included,numeric,encoding
Day 3 Incubation Time (120min+/-30 min),included,duration,encoding
Day 3 Total Viable Cells Available for Seeding G-Rex (cells),included,numeric,encoding
Day 6 Activity of IL-2 (IU/mg),included,numeric,encoding
Day 6 CO2 Saturation (%),included,numeric,encoding
Day 6 Glucose G-Rex A (g/L),included,numeric,encoding
Day 6 IL-2 Protein Content (µg/vial),included,numeric,encoding
Day 6 Lactate G-Rex A (g/L),included,numeric,encoding
Day 8 Activity of IL-2 (IU/mg),included,numeric,encoding
Day 8 Glucose G-Rex A (g/L),included,numeric,encoding
Day 8 IL-2 Protein Content (µg/vial),included,numeric,encoding
Day 8 Lactate G-Rex A (g/L),included,numeric,encoding
Glucose_perE6_slope_D6_D10,included,numeric,encoding
Harvest Glucose (g/L),included,numeric,encoding
Harvest Lactate (g/L),included,numeric,encoding
Harvest Pre-Wash Cell Viability (%),included,numeric,encoding
Harvest Pre-Wash Flow CAR+ Expression (%),included,numeric,encoding
Harvest Pre-Wash Viable Cell Count after Sampling (cells),included,numeric,encoding
IL2_IU_total_D6,included,numeric,encoding
IL2_IU_total_D8,included,numeric,encoding
Incubation D3-D6 (min),included,numeric,encoding
Incubation D8-D10 (min),included,numeric,encoding
Lactate_perE6_slope_D6_D10,included,numeric,encoding
Lactate_to_Glucose_perE6_ratio_D10,included,numeric,encoding
Lactate_to_Glucose_perE6_ratio_D6,included,numeric,encoding
MOI_eff_G-Rex_A,included,numeric,encoding
MOI_eff_pool,included,numeric,encoding
MOI_eff_quality_adjusted,included,numeric,encoding
Mixing_cycles_x_pre_activation_clump_count,included,numeric,encoding
Post-Massaging: # of Clumps,included,numeric,encoding
Post-Massaging: Size of Clumps,included,numeric,encoding
Post-Mixing Clumps: # of Clumps,included,numeric,encoding
Post-Mixing Clumps: Size of Clumps,included,numeric,encoding
Pre-Activation Clumps: # of Clumps before massage,included,numeric,encoding
Pre-Activation Clumps: Size of Clumps before massage,included,numeric,encoding
Seeded_cells_min_AB,included,numeric,encoding
Seeded_cells_std_AB,included,numeric,encoding
Target Final Seeding Density per Area (VC/cm^2) G-Rex A,included,numeric,encoding
Vector_volume_cv_AB_mL,included,numeric,encoding
Vector_volume_max_AB_mL,included,numeric,encoding
Vector_volume_mean_AB_mL,included,numeric,encoding
Vector_volume_min_AB_mL,included,numeric,encoding
Volume Vector Added to G-Rex A (mL),included,numeric,encoding
cPDL (D3 to D10),included,numeric,encoding
Incubation D6-D8 (min),included,numeric,encoding
