Feature,Parameter,Encoding,Meaning
Day 10 Clump Present Bag 1_Yes,Day 10 Clump Present Bag 1,binary,"1 where 'Yes', 0 where 'No'; any other value is left missing"
Day 10 Clump Present Bag 2_Yes,Day 10 Clump Present Bag 2,binary,"1 where 'Yes', 0 where 'No'; any other value is left missing"
Day 10 Clump Present Bag 3_Yes,Day 10 Clump Present Bag 3,binary,"1 where 'Yes', 0 where 'No'; any other value is left missing"
Country_Netherlands,Country,binary,"1 where 'Netherlands', 0 where 'Belgium'; any other value is left missing"
Pre-Activation Clumps: Y/N?_Yes,Pre-Activation Clumps: Y/N?,binary,"1 where 'Yes', 0 where 'No'; any other value is left missing"
Clinical Site ID_1201,Clinical Site ID,binary,"1 where '1201', 0 where '1200'; any other value is left missing"
IL-2 Lot_IL2-201,IL-2 Lot,binary,"1 where 'IL2-201', 0 where 'IL2-200'; any other value is left missing"
LV CoA Site/Format_Raritan/500mL,LV CoA Site/Format,binary,"1 where 'Raritan/500mL', 0 where 'Ghent/250mL'; any other value is left missing"
Shift Team_C,Shift Team,one-hot,1 where 'Shift Team' is 'C'; missing where it is missing
Shift Team_F,Shift Team,one-hot,1 where 'Shift Team' is 'F'; missing where it is missing
Shift Team_A,Shift Team,one-hot,1 where 'Shift Team' is 'A'; missing where it is missing
Shift Team_D,Shift Team,one-hot,1 where 'Shift Team' is 'D'; missing where it is missing
Shift Team_E,Shift Team,one-hot,1 where 'Shift Team' is 'E'; missing where it is missing
Shift Team_B,Shift Team,one-hot,1 where 'Shift Team' is 'B'; missing where it is missing
Clinical Site_UZ Gent,Clinical Site,one-hot,1 where 'Clinical Site' is 'UZ Gent'; missing where it is missing
Clinical Site_UZ Leuven,Clinical Site,one-hot,1 where 'Clinical Site' is 'UZ Leuven'; missing where it is missing
Clinical Site_AZ Sint-Jan,Clinical Site,one-hot,1 where 'Clinical Site' is 'AZ Sint-Jan'; missing where it is missing
Media Lot_MED-100,Media Lot,one-hot,1 where 'Media Lot' is 'MED-100'; missing where it is missing
Media Lot_MED-101,Media Lot,one-hot,1 where 'Media Lot' is 'MED-101'; missing where it is missing
Media Lot_MED-103,Media Lot,one-hot,1 where 'Media Lot' is 'MED-103'; missing where it is missing
Media Lot_MED-102,Media Lot,one-hot,1 where 'Media Lot' is 'MED-102'; missing where it is missing
growth profile_normal,growth profile,one-hot,1 where 'growth profile' is 'normal'; missing where it is missing
growth profile_overgrowth,growth profile,one-hot,1 where 'growth profile' is 'overgrowth'; missing where it is missing
growth profile_undergrowth,growth profile,one-hot,1 where 'growth profile' is 'undergrowth'; missing where it is missing
Clump Severity,Clump Severity,ordinal,"rank 1..4 in the PTF's order: None, Low, Medium, High"
# of Culture Bags,# of Culture Bags,numeric,used as recorded
Amount of Time G-Rex A in Incubator (120min+/-30 min),Amount of Time G-Rex A in Incubator (120min+/-30 min),duration,"used as recorded, with anything at or below zero treated as missing"
Amount of Time G-Rex B in Incubator (120min+/-30 min),Amount of Time G-Rex B in Incubator (120min+/-30 min),duration,"used as recorded, with anything at or below zero treated as missing"
Avg_cells_per_bag_D3,Avg_cells_per_bag_D3,numeric,used as recorded
CAR T produced per cell engaged D3,CAR T produced per cell engaged D3,numeric,used as recorded
Clump_burden_weighted_post_massage,Clump_burden_weighted_post_massage,numeric,used as recorded
Clump_burden_weighted_post_mixing,Clump_burden_weighted_post_mixing,numeric,used as recorded
Clump_burden_weighted_pre,Clump_burden_weighted_pre,numeric,used as recorded
Clump_count_reduction_fraction,Clump_count_reduction_fraction,numeric,used as recorded
Clump_size_reduction_fraction,Clump_size_reduction_fraction,numeric,used as recorded
D10 Glucose / E6 cells,D10 Glucose / E6 cells,numeric,used as recorded
D10 Lact / E6 cells,D10 Lact / E6 cells,numeric,used as recorded
D10_clump_bag_count,D10_clump_bag_count,numeric,used as recorded
D3-D10 viability change (%),D3-D10 viability change (%),numeric,used as recorded
D3_contact_time_deviation,D3_contact_time_deviation,numeric,used as recorded
D3_contact_time_deviation_G-Rex_A,D3_contact_time_deviation_G-Rex_A,numeric,used as recorded
D3_contact_time_deviation_G-Rex_B,D3_contact_time_deviation_G-Rex_B,numeric,used as recorded
D3_contact_time_within_window,D3_contact_time_within_window,numeric,used as recorded
D3_contact_time_within_window_G-Rex_A,D3_contact_time_within_window_G-Rex_A,numeric,used as recorded
D3_contact_time_within_window_G-Rex_B,D3_contact_time_within_window_G-Rex_B,numeric,used as recorded
D3_seeding_error_pct,D3_seeding_error_pct,numeric,used as recorded
D6 Glucose / E6 cells,D6 Glucose / E6 cells,numeric,used as recorded
D6 Lact / E6 cells,D6 Lact / E6 cells,numeric,used as recorded
D8 Glucose / E6 cells,D8 Glucose / E6 cells,numeric,used as recorded
Day 1 Number of Mixing Cycles Post Activation,Day 1 Number of Mixing Cycles Post Activation,numeric,used as recorded
Day 3 Average of Pooled Viability (%),Day 3 Average of Pooled Viability (%),numeric,used as recorded
Day 3 Incubation Time (120min+/-30 min),Day 3 Incubation Time (120min+/-30 min),duration,"used as recorded, with anything at or below zero treated as missing"
Day 3 Total Viable Cells Available for Seeding G-Rex (cells),Day 3 Total Viable Cells Available for Seeding G-Rex (cells),numeric,used as recorded
Day 6 Activity of IL-2 (IU/mg),Day 6 Activity of IL-2 (IU/mg),numeric,used as recorded
Day 6 CO2 Saturation (%),Day 6 CO2 Saturation (%),numeric,used as recorded
Day 6 Glucose G-Rex A (g/L),Day 6 Glucose G-Rex A (g/L),numeric,used as recorded
Day 6 IL-2 Protein Content (µg/vial),Day 6 IL-2 Protein Content (µg/vial),numeric,used as recorded
Day 6 Lactate G-Rex A (g/L),Day 6 Lactate G-Rex A (g/L),numeric,used as recorded
Day 8 Activity of IL-2 (IU/mg),Day 8 Activity of IL-2 (IU/mg),numeric,used as recorded
Day 8 Glucose G-Rex A (g/L),Day 8 Glucose G-Rex A (g/L),numeric,used as recorded
Day 8 IL-2 Protein Content (µg/vial),Day 8 IL-2 Protein Content (µg/vial),numeric,used as recorded
Day 8 Lactate G-Rex A (g/L),Day 8 Lactate G-Rex A (g/L),numeric,used as recorded
Glucose_perE6_slope_D6_D10,Glucose_perE6_slope_D6_D10,numeric,used as recorded
Harvest Glucose (g/L),Harvest Glucose (g/L),numeric,used as recorded
Harvest Lactate (g/L),Harvest Lactate (g/L),numeric,used as recorded
Harvest Pre-Wash Cell Viability (%),Harvest Pre-Wash Cell Viability (%),numeric,used as recorded
Harvest Pre-Wash Flow CAR+ Expression (%),Harvest Pre-Wash Flow CAR+ Expression (%),numeric,used as recorded
Harvest Pre-Wash Viable Cell Count after Sampling (cells),Harvest Pre-Wash Viable Cell Count after Sampling (cells),numeric,used as recorded
IL2_IU_total_D6,IL2_IU_total_D6,numeric,used as recorded
IL2_IU_total_D8,IL2_IU_total_D8,numeric,used as recorded
Incubation D3-D6 (min),Incubation D3-D6 (min),numeric,used as recorded
Incubation D8-D10 (min),Incubation D8-D10 (min),numeric,used as recorded
Lactate_perE6_slope_D6_D10,Lactate_perE6_slope_D6_D10,numeric,used as recorded
Lactate_to_Glucose_perE6_ratio_D10,Lactate_to_Glucose_perE6_ratio_D10,numeric,used as recorded
Lactate_to_Glucose_perE6_ratio_D6,Lactate_to_Glucose_perE6_ratio_D6,numeric,used as recorded
MOI_eff_G-Rex_A,MOI_eff_G-Rex_A,numeric,used as recorded
MOI_eff_pool,MOI_eff_pool,numeric,used as recorded
MOI_eff_quality_adjusted,MOI_eff_quality_adjusted,numeric,used as recorded
Mixing_cycles_x_pre_activation_clump_count,Mixing_cycles_x_pre_activation_clump_count,numeric,used as recorded
Post-Massaging: # of Clumps,Post-Massaging: # of Clumps,numeric,used as recorded
Post-Massaging: Size of Clumps,Post-Massaging: Size of Clumps,numeric,used as recorded
Post-Mixing Clumps: # of Clumps,Post-Mixing Clumps: # of Clumps,numeric,used as recorded
Post-Mixing Clumps: Size of Clumps,Post-Mixing Clumps: Size of Clumps,numeric,used as recorded
Pre-Activation Clumps: # of Clumps before massage,Pre-Activation Clumps: # of Clumps before massage,numeric,used as recorded
Pre-Activation Clumps: Size of Clumps before massage,Pre-Activation Clumps: Size of Clumps before massage,numeric,used as recorded
Seeded_cells_min_AB,Seeded_cells_min_AB,numeric,used as recorded
Seeded_cells_std_AB,Seeded_cells_std_AB,numeric,used as recorded
Target Final Seeding Density per Area (VC/cm^2) G-Rex A,Target Final Seeding Density per Area (VC/cm^2) G-Rex A,numeric,used as recorded
Vector_volume_cv_AB_mL,Vector_volume_cv_AB_mL,numeric,used as recorded
Vector_volume_max_AB_mL,Vector_volume_max_AB_mL,numeric,used as recorded
Vector_volume_mean_AB_mL,Vector_volume_mean_AB_mL,numeric,used as recorded
Vector_volume_min_AB_mL,Vector_volume_min_AB_mL,numeric,used as recorded
Volume Vector Added to G-Rex A (mL),Volume Vector Added to G-Rex A (mL),numeric,used as recorded
cPDL (D3 to D10),cPDL (D3 to D10),numeric,used as recorded
Incubation D6-D8 (min),Incubation D6-D8 (min),numeric,used as recorded
