Patient Lot/Batch #,Vector Lot,split,fold,Day 10 Clump Present Bag 1,Day 10 Clump Present Bag 2,Day 10 Clump Present Bag 3,Country,Pre-Activation Clumps: Y/N?,Clinical Site ID,IL-2 Lot,LV CoA Site/Format,Shift Team,Clinical Site,Media Lot,growth profile,Clump Severity,# of Culture Bags,Amount of Time G-Rex A in Incubator (120min+/-30 min),Amount of Time G-Rex B in Incubator (120min+/-30 min),Avg_cells_per_bag_D3,CAR T produced per cell engaged D3,Clump_burden_weighted_post_massage,Clump_burden_weighted_post_mixing,Clump_burden_weighted_pre,Clump_count_reduction_fraction,Clump_size_reduction_fraction,D10 Glucose / E6 cells,D10 Lact / E6 cells,D10_clump_bag_count,D3-D10 viability change (%),D3_contact_time_deviation,D3_contact_time_deviation_G-Rex_A,D3_contact_time_deviation_G-Rex_B,D3_contact_time_within_window,D3_contact_time_within_window_G-Rex_A,D3_contact_time_within_window_G-Rex_B,D3_seeding_error_pct,D6 Glucose / E6 cells,D6 Lact / E6 cells,D8 Glucose / E6 cells,Day 1 Number of Mixing Cycles Post Activation,Day 3 Average of Pooled Viability (%),Day 3 Incubation Time (120min+/-30 min),Day 3 Total Viable Cells Available for Seeding G-Rex (cells),Day 6 Activity of IL-2 (IU/mg),Day 6 CO2 Saturation (%),Day 6 Glucose G-Rex A (g/L),Day 6 IL-2 Protein Content (µg/vial),Day 6 Lactate G-Rex A (g/L),Day 8 Activity of IL-2 (IU/mg),Day 8 Glucose G-Rex A (g/L),Day 8 IL-2 Protein Content (µg/vial),Day 8 Lactate G-Rex A (g/L),Glucose_perE6_slope_D6_D10,Harvest Glucose (g/L),Harvest Lactate (g/L),Harvest Pre-Wash Cell Viability (%),Harvest Pre-Wash Flow CAR+ Expression (%),Harvest Pre-Wash Viable Cell Count after Sampling (cells),IL2_IU_total_D6,IL2_IU_total_D8,Incubation D3-D6 (min),Incubation D8-D10 (min),Lactate_perE6_slope_D6_D10,Lactate_to_Glucose_perE6_ratio_D10,Lactate_to_Glucose_perE6_ratio_D6,MOI_eff_G-Rex_A,MOI_eff_pool,MOI_eff_quality_adjusted,Mixing_cycles_x_pre_activation_clump_count,Post-Massaging: # of Clumps,Post-Massaging: Size of Clumps,Post-Mixing Clumps: # of Clumps,Post-Mixing Clumps: Size of Clumps,Pre-Activation Clumps: # of Clumps before massage,Pre-Activation Clumps: Size of Clumps before massage,Seeded_cells_min_AB,Seeded_cells_std_AB,Target Final Seeding Density per Area (VC/cm^2) G-Rex A,Vector_volume_cv_AB_mL,Vector_volume_max_AB_mL,Vector_volume_mean_AB_mL,Vector_volume_min_AB_mL,Volume Vector Added to G-Rex A (mL),cPDL (D3 to D10),Incubation D6-D8 (min),fp_flow_car
QCGS03V,LV-101,training,2,Yes,No,Yes,Belgium,No,1200,IL2-200,Ghent/250mL,C,UZ Gent,MED-100,undergrowth,,2,60,60.0,28851108.5,6.562364437214184,12,1.0,21,0.4285714285714286,0.0,27.07694941479943,33.08191803501705,2,1.884816753926698,60,60,60.0,0,0,0,9.908984000000004,52.58896761342094,14.90324030290372,39.45082414736906,5,95.5,60,57702217,14772824,4.91,2.89,232.9,0.819,17769650,2.168,198.1,1.253,-6.378004549655378,1.488,1.818,93.7,51.2,3010651621,3440590.7096,3520167.665,-159,-406,4.544669433028332,1.221774193548387,0.2833910034602076,141.7955039680662,1.402372459969779,4908.303609894227,35,4,3,1.0,1,7,3,570681,0.0,488971.177866,0.0,2.38,2.38,2.38,2.38,3.68,-226.0,57.6
GH001,LV-102,training,1,Yes,No,No,Netherlands,No,1201,IL2-201,Raritan/500mL,C,UZ Leuven,MED-101,normal,Low,4,127,125.0,31754521.0,6.825819458850635,10,3.0,6,-0.6666666666666667,0.0,24.40282436569768,35.56265258171796,1,-1.215469613259662,11,7,5.0,1,1,1,20.969604,45.65609721265186,16.56614499622566,35.10799291365788,5,90.5,131,127018084,21273669,5.1,2.735,204.5,1.016,18811383,2.126,240.0,1.545,-5.313318211738546,1.476,2.151,91.6,30.8,3803695646,4350465.3105,4514731.92,-159,-406,4.749126896373075,1.457317073170732,0.3628462791960891,98.34249041968697,0.9954488055417368,3185.436177733558,15,5,2,3.0,1,3,2,609268,9421.5,436164.426775,0.02293577981651378,2.23,2.18,2.13,2.13,4.47,-226.0,31.9
GH002,LV-909,validation,,Yes,Yes,Yes,Belgium,No,1202,IL2-202,,D,AZ Sint-Jan,MED-102,undergrowth,Medium,4,74,70.0,29300882.0,6.816586888679815,2,0.0,24,0.8333333333333334,0.5,27.71844879031816,34.49128243139138,3,-6.896551724137931,120,46,50.0,0,0,0,11.62240799999999,51.8175526190046,14.55800881844441,39.18568035192361,2,87.0,0,117203528,16108367,4.87,2.944,231.2,0.776,21265640,2.184,183.8,1.36,-6.02477595717161,1.547,1.925,93.0,42.9,3401917831,3724254.4504,3908624.632000001,-159,-406,4.983318403236741,1.244343891402715,0.2809474412171508,,,,12,1,2,0.0,2,6,4,562191,8693.5,408183.520324,0.03908045977011493,2.26,2.175,2.09,2.09,3.99,-226.0,42.7
GH003,LV-101,training,2,Yes,Yes,No,Netherlands,Yes,1200,IL2-200,Ghent/250mL,F,,MED-103,normal,High,2,141,135.0,33339042.5,13.24183111939043,5,6.0,6,0.1666666666666666,0.0,20.36126265528061,47.02144647228763,2,-0.6362672322375488,33,21,15.0,0,1,1,27.005876,41.84058381676766,19.24320414907417,31.11667053892845,4,94.3,153,66678085,17761665,5.38,2.657,199.8,1.222,16851126,1.976,185.7,2.222,-5.369830290371763,1.293,2.986,94.9,51.3,4166438254,3548780.667,3129254.0982,-159,-406,6.944560580803364,2.309358081979892,0.4599171998494542,110.8492783423863,1.096312229122957,3837.09280193035,24,5,1,3.0,2,6,1,659454,0.0,552966.216527,0.0,2.15,2.15,2.15,2.15,4.69,,57.8
GH008,LV-909,validation,,Yes,Yes,No,Belgium,Yes,1202,IL2-202,,B,UZ Gent,MED-100,normal,High,4,116,100.0,23970515.25,8.58782531050909,3,2.0,11,0.7272727272727273,0.0,32.89666442606507,41.61362344176008,2,1.357466063348419,32,4,20.0,0,1,1,8.683751,61.29248694829767,20.7192040925816,46.47584681232362,3,88.4,88,95882061,19428520,5.22,2.804,192.6,0.988,15596306,2.092,234.2,1.627,-7.09895563055815,1.502,1.9,87.2,43.9,2910965031,3741932.952,3652654.8652,-159,-346,5.22360483729462,1.264980026631158,0.338038234768626,,,,33,3,1,1.0,2,11,1,459918,7112.0,524057.553275,0.002444987775061073,2.05,2.045,2.04,2.05,4.29,-286.0,43.1
GH010,LV-102,training,1,No,No,Yes,Belgium,No,1201,IL2-201,Raritan/500mL,A,AZ Sint-Jan,MED-102,overgrowth,,4,70,110.0,24550239.5,9.600814391943388,3,3.0,6,-0.5,0.6666666666666667,27.17997921447978,70.50542208508249,1,8.009153318077802,10,50,10.0,1,0,1,6.475278000000003,54.06057234791887,29.63922202302831,39.3799620168879,2,87.4,110,98200958,14083867,4.67,2.563,226.1,1.347,19909626,1.838,223.2,2.626,-6.720148283359772,1.271,3.297,80.4,27.8,2627372264,3184362.3287,4443828.5232,-159,-346,10.21655001551354,2.594020456333595,0.5482594936708862,122.423595938296,1.284610685773554,4110.754194475374,4,3,1,3.0,1,2,3,471041,7284.0,500648.142663,0.0574712643678161,2.3,2.175,2.05,2.05,5.11,-286.0,28.3
GH014,LV-909,validation,,Yes,No,Yes,Belgium,No,1202,IL2-202,,F,AZ Sint-Jan,MED-102,normal,Severe,4,98,70.0,24756557.75,8.826718823565582,0,4.0,4,1.0,0.0,31.95819909970763,46.08172969055387,2,2.245989304812828,26,22,50.0,1,1,0,5.689304000000007,59.47363594899141,20.32643253952871,44.23676398274063,2,93.5,94,99026231,15945518,5.32,2.791,217.3,0.928,14251576,2.069,192.2,1.375,-6.878859212320944,1.507,2.173,91.4,44.5,2997603494,3464961.0614,2739152.9072,-159,-346,6.438824287756291,1.441937624419376,0.3417721518987341,,,,8,0,1,2.0,2,4,1,474999,7345.5,562291.379406,0.03102625298329364,2.16,2.095,2.03,2.03,4.31,-286.0,44.2
GH015,LV-101,training,2,Yes,No,No,Netherlands,Yes,1200,IL2-200,Ghent/250mL,D,,MED-103,normal,,2,165,135.0,32691173.5,8.066216554313105,1,1.0,22,0.9090909090909091,0.5,23.47881451322203,43.63333723148033,1,-2.333333333333327,45,45,15.0,0,0,1,24.53780399999999,43.90634670256431,16.41268702634262,31.63697988443734,4,90.0,165,65382347,18449113,5.09,2.734,214.6,1.022,16240799,1.97,210.1,2.018,-5.10688304733557,1.462,2.717,92.1,42.1,3893323110,3959179.6498,3412191.8699,-159,-346,6.805162551284428,1.858413132694938,0.3738112655449891,110.9428908556397,1.097238066415695,3840.333232454931,44,1,1,1.0,1,11,2,646639,0.0,572958.847333,0.0,2.11,2.11,2.11,2.11,4.26,-286.0,45.7
GH016,LV-102,training,1,Yes,No,Yes,Belgium,Yes,1201,IL2-201,Raritan/500mL,E,UZ Gent,MED-100,overgrowth,Low,4,112,80.0,24378103.75,14.89628987945506,15,0.0,16,-0.25,0.25,27.32882772347408,68.76355155323306,2,-5.125284738041003,4,8,40.0,1,1,0,7.131033000000002,55.19604842810407,27.70570281028322,40.58406291953263,2,87.8,116,97512415,15878552,5.36,2.624,195.0,1.301,18958804,1.966,195.8,2.119,-6.966805176157497,1.269,3.193,92.3,30.5,2754614513,3096317.64,3712133.8232,-159,-346,10.26446218573746,2.516154452324665,0.5019508388607102,127.497905450805,1.28475948421542,4111.230349489345,8,5,3,0.0,2,4,4,467738,7233.0,414113.21558,0.01851851851851853,2.2,2.16,2.12,2.12,5.61,-286.0,32.1
GH017,LV-909,validation,,No,Yes,Yes,Netherlands,No,1202,IL2-202,,B,UZ Leuven,MED-101,normal,Medium,4,179,145.0,30407512.75,7.647313683558724,0,6.0,18,1.0,0.5,24.17165799894032,44.37225789805472,2,13.41077085533263,7,59,25.0,1,0,1,15.838144,46.51317617796087,22.12569980403001,33.71946290852173,5,94.7,127,121630051,14362965,5.36,2.665,229.0,1.317,14508929,1.912,181.0,2.317,-5.585379544755138,1.4,2.57,82.0,24.4,3230539675,3289118.985,2626116.149,-159,-346,5.561639523506178,1.835714285714286,0.4756867112100964,,,,45,0,1,3.0,2,9,2,583423,9022.0,579143.053353,0.02912621359223303,2.12,2.06,2.0,2.0,4.97,-286.0,25.3
GH021,LV-101,training,2,Yes,Yes,No,Netherlands,No,1200,IL2-200,Ghent/250mL,F,UZ Leuven,MED-101,normal,Low,2,147,165.0,23901108.5,8.10910636205434,4,2.0,20,0.6,0.5,32.3332283601687,54.43052980740357,2,1.409978308026027,51,27,45.0,0,1,0,8.948158000000006,61.04214783485654,23.28343890066497,43.99691331889804,4,92.2,171,47802217,19989110,4.84,2.779,189.0,1.06,21756923,2.003,229.3,1.823,-7.17722986867196,1.472,2.478,90.9,35.1,2812776535,3777941.79,4988862.4439,-219,-346,7.78677272668465,1.683423913043478,0.3814321698452681,160.3743054218868,1.586118903229949,5551.41616130482,40,4,1,1.0,2,10,2,472769,0.0,545322.003594,0.0,2.23,2.23,2.23,2.23,4.53,-226.0,33.4
GH022,LV-102,training,1,Yes,Yes,No,Belgium,No,1201,IL2-201,Raritan/500mL,F,AZ Sint-Jan,MED-102,normal,Medium,4,94,110.0,31709822.25,12.974533809329,3,0.0,7,0.5714285714285714,0.0,22.93059208618247,41.04327637663996,2,2.471910112359553,58,26,10.0,0,1,1,20.799323,43.8578616868573,18.98189445978932,33.03826462669828,2,89.0,62,126839289,18301045,4.93,2.685,198.6,1.157,16811148,1.994,202.1,1.921,-5.231817400168707,1.385,2.479,86.8,53.5,3536484085,3634587.537,3397533.0108,-219,-346,5.515345479212661,1.789891696750903,0.4328048320120801,101.2552074448326,0.9945656507109558,3182.610082275059,14,3,1,0.0,1,7,1,608410,9408.5,503936.193924,0.006896551724137887,2.19,2.175,2.16,2.19,4.6,-226.0,50.4
GH023,LV-909,validation,,No,No,Yes,Netherlands,Yes,1202,IL2-202,,D,,MED-103,normal,High,4,161,175.0,33103600.25,12.1710236269416,6,3.0,2,-0.5,-1.0,20.79154522835504,48.97352529760516,1,14.98951781970651,13,41,55.0,1,0,0,26.108953,42.60601545078246,19.64174581641321,31.37762946933672,2,95.4,133,132414401,20367849,4.72,2.681,181.4,1.346,16544770,1.976,186.8,2.046,-5.453617555606856,1.311,3.088,81.1,44.3,3871866849,3694727.8086,3090563.036,-219,-346,7.332944870297986,2.355453852021358,0.4610087474409084,,,,4,3,2,3.0,1,2,1,635152,9822.0,466693.018198,0.007712082262210805,1.96,1.945,1.93,1.96,4.78,-226.0,48.2
GH024,LV-101,training,2,No,Yes,No,Belgium,Yes,1200,IL2-200,Ghent/250mL,A,UZ Gent,MED-100,normal,Severe,2,108,60.0,22254748.5,12.11774673307811,9,0.0,33,0.7272727272727273,0.0,32.48407873206502,69.16726132346741,1,-2.154195011337859,36,12,60.0,0,1,0,15.220006,64.47275757061271,26.18542294305895,46.8742661151875,2,88.2,84,44509497,16493911,5.19,2.733,210.5,1.11,20869005,1.987,183.0,2.056,-7.997169709636923,1.377,2.932,90.1,42.9,2567188834,3471968.2655,3819027.915,-219,-346,10.74545959510212,2.129266521423384,0.4061470911086718,151.3843581612161,1.497208562028908,5240.229967101179,22,3,3,0.0,1,11,3,440204,0.0,436051.574891,0.0,1.96,1.96,1.96,1.96,4.82,-226.0,51.0
GH028,LV-102,training,1,Yes,No,Yes,Belgium,Yes,1201,IL2-201,Raritan/500mL,C,UZ Gent,MED-100,normal,High,4,76,80.0,28765432.5,6.156320028217166,12,2.0,11,0.6363636363636364,-2.0,25.91652324365365,37.76146943036577,2,7.06751054852321,52,44,40.0,0,0,0,9.5826,51.45889949681791,17.6670383801808,38.03523552096775,6,94.8,68,115061730,14162567,4.87,2.871,183.3,0.945,19004483,2.039,217.7,1.449,-6.385594063291067,1.42,2.069,88.1,34.2,3324171313,2595998.5311,4137275.9491,-219,-346,5.023607762546244,1.457042253521127,0.3433232842702608,102.445222825829,1.096368010458386,3508.377633466835,66,4,3,1.0,2,11,1,551917,8535.0,514118.71576,0.07586206896551727,2.34,2.175,2.01,2.01,4.17,-226.0,34.9
GH030,LV-101,training,2,No,No,No,Belgium,No,1200,IL2-200,Ghent/250mL,F,AZ Sint-Jan,MED-102,normal,,2,90,90.0,32549527.5,12.22273839233985,10,0.0,44,0.5454545454545454,0.5,23.27453140448813,38.27474914958443,0,-4.100227790432812,30,30,30.0,1,1,1,23.9982,44.71032644022252,17.6938052326566,32.9037034408564,2,87.8,90,65099055,18182371,4.96,2.772,215.7,1.097,19606570,2.04,186.1,1.924,-5.358948758933597,1.443,2.373,91.4,50.4,4081493065,3921937.4247,3648782.677,-219,-346,5.145235979231956,1.644490644490644,0.3957431457431458,107.2010462275389,1.060230444205373,3710.806554718804,22,5,2,0.0,1,11,4,643837,0.0,487535.427105,0.0,2.03,2.03,2.03,2.03,4.6,-226.0,49.0
GH031,LV-102,training,1,No,No,Yes,Netherlands,Yes,1201,IL2-201,Raritan/500mL,C,,MED-103,overgrowth,Low,4,157,155.0,33030568.75,14.85569164046865,6,2.0,4,0.0,-0.5,21.01235391307965,51.81563824254134,1,-0.5773672055427251,41,37,35.0,0,0,0,25.830738,40.83263025922967,21.49713212363103,29.85756945969752,2,86.6,161,132122275,16842321,4.98,2.569,209.8,1.281,21324660,1.894,233.0,2.184,-4.955069086537505,1.322,3.26,87.1,32.6,3642213821,3533518.9458,4968645.78,-219,-346,7.579626529727577,2.465960665658094,0.5264694433631764,97.65027121674075,0.9328480000817424,2985.113600261576,4,2,3,1.0,2,2,2,633751,9800.5,599520.431174,0.03529411764705891,2.2,2.125,2.05,2.2,5.51,-226.0,32.0
GH035,LV-909,validation,,No,No,Yes,Netherlands,Yes,1202,IL2-202,,D,,MED-103,undergrowth,,4,125,175.0,31588226.25,5.255902271701886,5,3.0,24,0.375,0.6666666666666667,25.87752137554732,24.0825487945845,1,-2.588235294117651,25,5,55.0,1,1,0,20.3361,48.85483242352046,12.35705661060978,36.97975919113217,6,85.0,145,126352905,15567800,4.76,2.976,197.7,0.737,18587140,2.229,204.7,1.344,-5.744327761993284,1.557,1.449,87.2,45.5,3327018771,3077754.06,3804787.558,-219,-346,2.931373045993679,0.9306358381502889,0.2529341724783126,,,,48,5,1,3.0,1,8,3,606077,9372.5,574916.710364,0.009708737864077678,2.08,2.06,2.04,2.04,3.53,-226.0,43.3
GH036,LV-101,training,2,No,No,Yes,Belgium,Yes,1200,IL2-200,Ghent/250mL,C,UZ Gent,MED-100,normal,Low,2,72,60.0,30657609.0,8.310314764922385,8,4.0,18,0.3333333333333334,0.3333333333333334,23.47785818777718,44.50689528084091,1,14.22550052687039,24,48,60.0,1,0,0,16.790892,44.90076161075985,17.91235569979207,34.71161090198712,3,94.9,96,61315218,16934663,5.14,2.622,217.3,1.046,15049586,2.027,207.1,2.08,-5.355725855745669,1.371,2.599,81.4,33.1,3511069511,3679902.2699,3116769.2606,-219,-346,6.64863489526221,1.895696571845368,0.398932112890923,105.4065374480141,1.042481819113813,3648.686366898345,18,4,2,2.0,2,6,3,606414,0.0,415875.029057,0.0,1.88,1.88,1.88,1.88,4.65,-226.0,36.8
GH037,LV-102,training,1,No,Yes,No,Netherlands,No,1201,IL2-201,Raritan/500mL,B,UZ Leuven,MED-101,overgrowth,Medium,4,139,125.0,28973742.5,17.89512176182527,6,6.0,10,0.4,0.0,24.96915955457846,58.9801265240587,1,8.013172338090008,47,19,5.0,0,1,1,10.37616199999999,47.85453583718557,24.3983841366037,33.56703053327765,2,91.1,167,115894970,21398739,5.01,2.599,196.4,1.323,20107048,1.878,186.1,2.587,-5.721344070651776,1.378,3.255,83.8,46.7,3417041666,4202712.3396,3741921.6328,-219,-346,8.645435596863749,2.362119013062409,0.509844755774328,109.8049753361937,1.088485548596285,3483.153755508112,10,3,2,3.0,2,5,2,555914,8596.5,441101.649596,0.002298850574712697,2.18,2.175,2.17,2.17,5.26,-226.0,50.6
GH038,LV-909,validation,,No,Yes,Yes,Belgium,No,1202,IL2-202,,F,AZ Sint-Jan,MED-102,normal,High,4,86,70.0,35207837.0,9.550638429189979,2,4.0,30,0.9,0.3333333333333334,19.83223228780911,40.64862046358469,2,15.45741324921135,2,34,50.0,1,0,0,34.12509299999999,39.89559209476187,19.29541998528195,28.17519015625212,2,95.1,118,140831348,15886994,5.06,2.656,213.1,1.194,14679067,1.874,226.1,2.031,-5.015839951738188,1.33,2.726,80.4,37.0,4022920405,3385518.4214,3318937.0487,-219,-346,5.338300119575686,2.049624060150376,0.4836479162773313,,,,20,1,2,2.0,2,10,3,675526,10446.5,477650.63735,0.006896551724137887,2.19,2.175,2.16,2.16,4.69,-226.0,35.6
