Patient Lot/Batch #,Vector Lot,day 3 clump pattern_Many small,Day 10 Clump Present Bag 1_Yes,Day 10 Clump Present Bag 2_Yes,Day 10 Clump Present Bag 3_Yes,Country_United States of America,Pre-Activation Clumps: Y/N?_Y,LV CoA Site/Format_Raritan/500mL,Non-Conformance Type_deviation,Non-Conformance Type_withdrawal,Non-Conformance Type_Termination,Non-Conformance Type_Withdrawal,Non-Conformance Type_Other,Clinical Site_Memorial Sloan Kettering Cancer Center,Clinical Site_Rambam Health Care Campus,Clinical Site_XYZ,Clinical Site_Other,Clinical Site ID_MSKCC,Clinical Site ID_107306,Clinical Site ID_XYZ,Clinical Site ID_Other,Media Lot_MED-100,Media Lot_MED-102,Media Lot_MED-101,Media Lot_MED-103,Media Lot_Other,IL-2 Lot_IL2-201,IL-2 Lot_IL2-202,IL-2 Lot_IL2-200,IL-2 Lot_Other,growth profile_normal,growth profile_undergrowth,growth profile_overgrowth,growth profile_Other,CD4 profile_medium CD4,CD4 profile_low CD4,CD4 profile_high CD4,CD4 profile_Other,shift_team_target_enc,incubator_id_hash_00,incubator_id_hash_01,incubator_id_hash_02,incubator_id_hash_03,incubator_id_hash_04,incubator_id_hash_05,incubator_id_hash_06,incubator_id_hash_07,incubator_id_hash_08,incubator_id_hash_09,incubator_id_hash_10,incubator_id_hash_11,incubator_id_hash_12,incubator_id_hash_13,incubator_id_hash_14,incubator_id_hash_15,Clump Severity,Harvest Post Wash Viable Cell Count (cells),Harvest Pre-Wash Viable Cell Count after Sampling (cells)_resid,total viable cells in formulated suspension_resid,Seeded_cells_min_AB_resid,Avg_cells_per_bag_D3_resid,Glucose_perE6_slope_D6_D10_resid,Lactate_to_Glucose_perE6_ratio_D6,Day 6 Lactate G-Rex A (g/L)_resid,Day 8 Glucose G-Rex A (g/L)_resid,Day 6 Glucose G-Rex A (g/L)_resid,Day 8 Glucose G-Rex B (g/L)_resid,LV CoA Physical Titer p24 ELISA,LV CoA CAR% - Donor 2_resid,LV CoA DNA size_resid,# of Culture Bags_resid,VCN/cell,FP Flow CAR+ (%)_resid,Harvest Pre-Wash Flow CAR+ Expression (%)_resid,Provirus Vector Copy Number (copies/transduced cell)_resid,Lactate_perE6_AUC_D6_D10,D10 Lact / E6 cells_resid,D6 Lact / E6 cells_resid,D6 Glucose / E6 cells,D8 Glucose / E6 cells_resid,Volume CS5 Used for Formulation (mL)_resid,MOI_eff_pool,MOI_eff_quality_adjusted_resid,MOI_eff_G-Rex_B_resid,PT CD3+CD4+ (%),Post Thaw FLOW CD4+ (%)_resid,PT Total CD4+ (Viable Cells)_resid,% cells lost during formulation,number of viable cells lost during formulation_resid,Clump_burden_weighted_post_mixing,Post-Mixing Clumps: # of Clumps_resid,Clump_count_reduction_fraction,Post-Massaging: # of Clumps_resid,D10 harvest - D10 wash viability change (%),Viability_change_D3_to_D10_pct_resid,D3_contact_time_deviation,D3_contact_time_within_window_resid,D3_contact_time_deviation_G-Rex_A,D3_contact_time_within_window_G-Rex_A_resid,D3_contact_time_deviation_G-Rex_B,D3_contact_time_within_window_G-Rex_B_resid,D3_seeding_error_pct,D3_seeding_within_5pct_resid,Day 3 Average of Pooled Viability (%),Drop viability D3 vs D0 (%)_resid,Day 3 Total Viable Cells Available for Seeding G-Rex (cells),Seeded_cells_std_AB_resid,Day 6 Activity of IL-2 (IU/mg),IL2_IU_total_D6_resid,Day 6 Glucose G-Rex B (g/L),Day 6 Lactate G-Rex B (g/L)_resid,Day 8 Activity of IL-2 (IU/mg),IL2_IU_total_D8_resid,Day 8 Lactate G-Rex A (g/L),Harvest Lactate (g/L)_resid,Final Formulation CS5 Viable Cell Concentration Average (cells/mL),Harvest Post Wash Viable Cell Concentration Average (cells/mL)_resid,Incubation D3-D6 (min),Number of Prior Lines of Therapy_resid,LV CoA CAR% - Donor 1,LV CoA pH_resid,LV CoA HCP,LVCoA_Impurity_Index_zsum_resid,MOI_eff_G-Rex_A,log_MOI_eff_G-Rex_A_resid,PE CD3+CD4+ (%),Post Wash POS FLOW CD4+ (%)_resid,PE CD3+CD8+ (%),Post Wash POS FLOW CD8+ (%)_resid,Vector_volume_mean_AB_mL,Vector_volume_min_AB_mL_resid,Amount of Time G-Rex A in Incubator (120min+/-30 min),Amount of Time G-Rex B in Incubator (120min+/-30 min),CAR T produced per cell engaged D3,Clump_burden_weighted_post_massage,Clump_burden_weighted_pre,Clump_size_reduction_fraction,D10 Achievable Dose (E6 CAR+ viable T-cells),D10 Total CAR+ viable T-cells achieved,D10_clump_bag_count,D3-D10 viability change (%),Day 1 Number of Mixing Cycles Post Activation,Day 3 Incubation Time (120min+/-30 min),Day 6 CO2 Saturation (%),Day 6 CO2 Saturation (%) dev_from_5.0pct,Day 6 IL-2 Protein Content (µg/vial),Day 6 Temperature (°C),Day 6 Temperature (°C) dev_from_37.0C,Day 8 IL-2 Protein Content (µg/vial),Endotoxin (EU/mL),Final Formulation CS5 Viability Average (%),Flow accuracy (effective),Harvest Post Wash Viability Average (%),Harvest Pre-Wash Cell Viability (%),Incubation D0-D1 (min),Incubation D1-D3,Incubation D6-D8 (min),Incubation D8-D10 (min),Incubation_total_D3_to_D10_min,Lactate_perE6_slope_D6_D10,Log (PE CD4:CD8),Mixing_cycles_x_pre_activation_clump_count,PT Total  CD3+ (Viable Cells),Post Thaw CD4:CD8 Ratio,Post Thaw FLOW CD3+ (%),Post Wash POS FLOW CD3+ (%),Post Wash POS Viability (%),Post formulation dose,Post-Massaging: Size of Clumps,Post-Mixing Clumps: Size of Clumps,Pre-Activation Clumps: # of Clumps before massage,Pre-Activation Clumps: Size of Clumps before massage,Recovery (%),Subject Weight (kg),Total CS5 cell concentration (E6 cells/mL),Total Viable Cells/bag,Vector_volume_cv_AB_mL,Vector_volume_max_AB_mL,Volume Vector Added to G-Rex A (mL),Volume per Bag (mL),cPDL (D3 to D10),total cells lost during LOVO wash (cells),Volume Vector Added to G-Rex B (mL),D3_clumps_flag,disposition_is_released
RA000,LV-102,,1,0,1,1,1,1,0,0,0,0,0,1,0,0,0,1,0,0,0,1,0,0,0,0,1,0,0,0,0,1,0,0,0,0,1,0,0.6825396825396826,0.0,0.0,0.0,0.0,0.0,-1.0,0.0,0.0,0.0,0.0,0.0,0.0,0.0,0.0,0.0,0.0,,2403483947,-55010616.8310318,-23710483.826166153,38945.05555768078,-370422.37671262026,0.21992586436196504,0.252282718971931,-0.03147662882713487,0.035076266471955275,0.020474392701335553,,105000000000.0,-0.0014285714285713347,-0.007142857142856673,-0.14285714285714413,0.7711200000000001,-1.5110372630343036,4.379517277567011,-0.03281120143988758,92.50460896434726,-0.5698358668928272,1.7763568394002505e-14,59.75013733236672,1.0306225475362112,4.62404378266163,1.205452316249492,-175.38082863253248,,56.0595,-6.4945160681952245,552023855.1720047,1.557824963040931,-1016639.2397700474,,,0.0,1.1300994628111969,-1.843317972350224,-6.637227440890342,60,0.23083636363636373,60,0.2436619718309858,60.0,0.15151515151515138,1.021147999999997,0.23385137241208642,94.4,3.28611271884606,51963897,175.9409985994298,17034132,-343741.98741793074,,,20034707,343933.30815480044,1.246,-0.38337914703997833,31801638,-149930.07333633304,-159,-8.470588235294116,0.395,-0.016666666666667496,0.9,1.198259561023697,121.8845404715437,0.013728937904198268,62.3212,-0.6693125144248597,27.1196,-0.39008123062692945,2.16,0.049142813173284505,60,60.0,3.852406052073015,15,20,0.25,17.41011060768067,1035901581.157,2,8.050847457627128,3,60,4.63,0.3700000000000001,192.5,36.5,0.5,222.1,0.5,85.5,0.8283062645011602,85.2,86.8,67,-106,-226.0,-406,-791.0,4.026112567965528,0.3613525274977044,15,33696589131.3,0.6,84.3,89.8,88.8,6.910843350252102,3,2,5,4,97.0,59.5,37.19489824561403,5426987.083311,0.0,2.16,2.16,30,3.16,291945101,,,1
RA001,LV-103,,1,0,0,0,0,1,0,0,0,0,0,0,1,0,0,0,1,0,0,0,0,1,0,0,0,1,0,0,1,0,0,0,0,1,0,0,0.5396825396825397,0.0,0.0,1.0,0.0,0.0,0.0,0.0,0.0,0.0,0.0,0.0,0.0,0.0,0.0,0.0,0.0,2,2496731183,44095419.578897476,7666837.694436073,13940.377319109684,190757.0892228037,0.18244074046248748,0.3376188798872842,-0.012963782526586476,0.043298110103541454,-0.011163362182373238,-0.008050031207991637,115000000000.0,0.004285714285714393,0.021428571428571797,0.4285714285714253,0.78,2.555364224628491,-0.09608729697511365,0.01359899942343179,123.1738804882523,-0.34873341527905666,7.105427357601002e-15,57.4110403392133,0.6083764912005947,0.6173004425093751,1.217958767357935,0.09681012172768533,-6.0641530450012056,24.7878,-7.052487556633832,-448449539.5917587,-0.3616016918017191,1983909.6540673487,1.0,0.20378360438101562,0.0,1.1300994628111969,2.280501710376283,-2.703175717134887,11,0.05840000000000001,7,-0.06121237227285281,5.0,-0.17515151515151484,1.099162000000007,0.23720216388819293,92.6,0.5787066966579365,103845880,345.22182358558985,14227424,21168.43759746477,2.85,0.02206374032413938,20747913,-438867.9033376188,1.448,-0.04495828219279163,34467117,-424589.589764297,-159,-7.470588235294116,0.445,-0.016666666666666607,1.4,-0.6772771431873061,128.5821110600478,0.016226356631328542,55.9411,-3.99825477153032,42.12260000000001,-2.2376391271976104,2.04,-0.03558112717506323,127,125.0,7.703943784216245,15,15,0.0,13.50570961564327,923790537.71,1,5.291576673866081,2,131,5.08,0.08000000000000007,208.0,36.44,0.5600000000000023,183.8,0.13,91.4,1.081081081081081,89.7,87.7,67,-106,-226.0,-406,-791.0,5.705209494787094,0.1232158318985226,10,33789851827.2,2.12,84.6,95.3,91.8,3.728898622807018,3,1,5,3,71.9,68.4,37.71019365426695,6159548.218954,0.04411764705882352,2.13,2.13,20,4.38,397152864,1.95,,0
RA002,LV-101,1,1,1,0,1,0,0,0,0,0,0,0,0,0,1,0,0,0,1,0,0,1,0,0,0,0,0,1,0,1,0,0,0,0,0,1,0,0.7222222222222222,0.0,0.0,0.0,0.0,0.0,0.0,0.0,0.0,-1.0,0.0,0.0,0.0,0.0,0.0,0.0,0.0,3,2585750517,-71500722.9952631,-52726111.92879772,1508.3107721500564,376811.1268562116,0.04287284905789601,0.4065874730021599,0.043591291485272965,0.0431768918911235,0.02073887511468131,-0.00547078148805813,120000000000.0,-0.0028571428571427804,-0.014285714285714013,-0.2857142857142865,0.36803,-1.907295783529392,-2.10067502939264,-0.014138333602802922,149.7968725665268,0.7306169501244568,7.105427357601002e-15,54.68993454985035,-0.2955454902647574,-1.4710011667982599,1.367388987602574,141.3990031220228,-5.484507747315462,36.1828,12.895634710807911,-483794689.1506691,2.389106788163283,1892370.560770817,0.0,-0.2492532359774311,0.1666666666666666,1.4935810885970469,10.47180667433831,5.6972483191396455,38,-0.29556363636363636,46,-0.10102181717757519,50.0,-0.08969696969696983,1.590906000000004,0.25832313709333987,85.8,0.6128121886660942,106670451,144.5693299176446,15376926,-363053.5107271252,2.776,0.04505951767520333,19733031,668465.1429511057,1.737,0.24892107394996454,34622417,832850.9054681659,-159,-6.470588235294116,0.42,0.033333333333333215,0.25,-0.5209824178363931,141.8033672612424,0.013549007945252711,36.99760000000001,4.087551462309641,40.4584,4.420243019804531,2.145,-0.005197679370259056,74,70.0,4.481756491980254,10,12,0.0,7.197729905514706,685223887.005,2,-1.282051282051292,5,82,4.77,0.2300000000000004,185.7,36.76,0.240000000000002,238.8,0.24,90.9,0.9320754716981132,96.0,86.9,67,-106,-226.0,-406,-791.0,7.606487927177261,-0.03883515111964531,30,23713661892.6,0.68,57.8,82.4,94.7,1.927508509453781,2,1,6,2,82.5,95.2,38.08846754675467,6346235.593409,0.02564102564102572,2.2,2.2,20,4.08,287381791,2.09,1.0,1
RA003,LV-102,0,1,1,0,1,1,1,1,0,0,0,0,1,0,0,0,1,0,0,0,0,0,0,1,0,1,0,0,0,1,0,0,0,0,1,0,0,0.6825396825396826,0.0,0.0,0.0,0.0,0.0,0.0,0.0,0.0,0.0,0.0,0.0,0.0,0.0,-1.0,0.0,0.0,4,3035483578,45407046.22982502,91845702.1387763,-7396.057484146208,-544487.1818045191,-0.3220344833365827,0.5086839058278657,0.007245141028889179,-0.06268810845298445,-0.005334430189223749,,105000000000.0,-0.0014285714285713347,-0.007142857142856673,-0.14285714285714413,0.8877300000000001,-2.17859610578671,1.4958475924974266,0.08813656024071159,148.815167432302,-0.9467389197761591,3.552713678800501e-15,46.72565424346757,-1.109464534564566,-3.52236369408719,1.285039216882468,-221.30217794995133,,20.2554,-1.341732783922378,160149853.44441414,-3.721141498539472,-15354531.436014056,2.0,0.6568204447394623,0.7777777777777778,-0.1736529501881705,3.928170594837262,-3.9484884749504494,33,-0.4152,21,0.2834714167357084,15.0,0.06606060606060626,10.902674,-0.34172566386702746,95.8,-1.1241638466127206,58223904,-733.0669468297356,21773405,377017.6469620783,,,17373119,-153704.76248180913,2.402,-0.29486172246895226,39702878,-1062426.1565909088,-159,-5.470588235294116,0.395,-0.016666666666667496,0.9,1.198259561023697,129.9316998963256,0.01639693335691117,46.9482,-1.6085766824602175,54.3562,-0.6599002938633873,2.58,0.03067660439250064,141,135.0,10.92141064272277,4,9,-1.0,15.57117165601415,1320435356.43,2,6.993736951983302,5,153,4.98,0.01999999999999957,236.8,36.92,0.0799999999999983,196.0,0.1,85.2,0.8758620689655173,92.6,89.1,67,-106,-226.0,-406,-791.0,6.71760177757301,-0.0636301419142785,45,30545155817.0,2.19,68.2,92.6,92.1,6.109935824292452,2,1,9,1,84.3,84.8,46.5996220657277,4958645.296972,0.0,2.58,2.58,30,4.65,433718295,,1.0,0
RA004,LV-103,0,1,0,1,0,0,1,0,1,0,0,0,0,1,0,0,0,1,0,0,1,0,0,0,0,0,1,0,0,0,1,0,0,1,0,0,0,0.5396825396825397,0.0,0.0,0.0,0.0,0.0,0.0,0.0,0.0,0.0,0.0,0.0,0.0,0.0,0.0,-1.0,0.0,,2178544811,-79499856.42972326,5670904.850969315,-23165.610081819817,56838.78107635677,-0.1986016648872777,0.3246962115796998,0.0029135411251107746,-0.07405189832102943,0.08111545828904987,-0.04227629152253343,115000000000.0,0.004285714285714393,0.021428571428571797,0.4285714285714253,1.11607,1.6146601659388367,-0.6120019289926546,-0.0015642888800604382,154.1978311966246,1.4053079421376182,-3.552713678800501e-15,68.40740949550587,-0.4147515543217324,2.8418095564395998,1.60965459322494,-167.1558687010738,-5.919361150980791,29.064,0.6369552200256123,-2624052989.2163773,0.8782256274702253,-1810342.476657275,0.0,-0.2492532359774311,0.4444444444444444,2.09938379824013,-1.805869074492093,-0.6587128990702507,16,0.17803636363636355,32,-0.4457056061861364,40.0,-0.33090909090909093,18.19599599999999,-0.028469053641973496,90.2,-1.408013487024979,85894204,1620.462697480788,19571924,-227687.26437785197,2.705,-0.3001202094609364,20449934,-191094.47510579415,1.624,-0.0660767365833621,35284514,269338.4461824596,-159,-4.470588235294116,0.445,-0.016666666666666607,1.4,-0.6772771431873061,167.8626586808302,-0.015602750134704912,55.1457,2.120686832629218,32.794,1.4160920328336744,2.23,-0.023934888290179313,88,80.0,6.935204625759865,15,9,-2.0,14.00053515543785,991237889.005,2,1.773835920177393,4,104,4.65,0.3499999999999996,205.1,36.54,0.4600000000000009,195.6,0.5,91.1,1.052747252747253,87.0,88.6,67,-106,-286.0,-346,-791.0,8.1689155459921,0.22571726154159,36,22861072959.2,0.67,69.2,86.3,94.7,6.802734690677967,3,1,9,1,72.9,70.8,38.7316289791438,4188518.646667,0.03139013452914791,2.3,2.3,30,3.93,252736743,2.16,1.0,1
RA005,LV-101,0,0,0,1,1,0,0,0,0,0,1,0,0,0,1,0,0,0,1,0,0,0,1,0,0,0,0,1,0,1,0,0,0,0,0,1,0,0.6296296296296297,0.0,0.0,0.0,0.0,0.0,0.0,0.0,0.0,0.0,0.0,0.0,0.0,0.0,0.0,0.0,-1.0,2,3103434542,-48993173.38217306,-4053667.0815649033,-39163.79372932599,405088.4196934812,-0.31487366074935785,0.4681751287711552,-0.007502328009788339,-0.017397996025359852,0.09173068507830218,-0.012938074113991727,120000000000.0,-0.0028571428571427804,-0.014285714285714013,-0.2857142857142865,0.3733799999999999,-1.3480336259847974,-2.282769466328393,-0.019194573426956518,148.3310742799117,0.05024765215188154,4.618527782440651e-14,48.48633312000001,-0.8402905155261848,4.660550822621545,1.256373504637326,172.1498841084849,-1.3701007991262202,42.77160000000001,7.975331770546404,1813226046.0305214,-0.2700288865194644,271786.4549588412,6.0,-0.5310321938267508,1.0,-1.6890107824737037,5.875706214689268,-0.06584299023499152,55,0.11120000000000019,35,-0.37184479425573047,25.0,0.30727272727272736,12.11406700000001,-0.2896949342721512,91.9,0.2267928007601483,117719770,-640.3887421869767,15569608,298331.18583999574,2.683,0.10450015677856905,20449532,-446709.64791934006,2.062,0.12816256442192264,36310557,-15176.969987504184,-159,-3.470588235294116,0.42,0.033333333333333215,0.25,-0.5209824178363931,126.7412317845983,0.015818340747859594,33.7952,-1.3126514630605683,25.6768,-1.866062265541803,2.175,0.043483305716828013,155,145.0,8.211459774968795,0,24,0.5,10.69868223689474,813099850.004,1,3.699673558215458,5,175,4.92,0.08000000000000007,228.9,36.91,0.09000000000000341,183.1,0.45,85.3,0.9694656488549618,93.7,88.5,67,-106,-286.0,-346,-791.0,7.191336658940399,0.1193141226096757,30,29611049828.4,2.22,65.4,94.4,92.4,2.503517351052632,2,2,6,4,87.8,76.0,42.56806213364596,6996657.468754,0.002298850574712697,2.18,2.17,20,4.97,343764515,2.18,1.0,0
RA006,LV-102,,0,1,1,1,1,1,0,0,1,0,0,1,0,0,0,1,0,0,0,0,1,0,0,0,1,0,0,0,1,0,0,0,1,0,0,0,0.4722222222222222,0.0,0.0,0.0,0.0,0.0,0.0,0.0,0.0,-1.0,0.0,0.0,0.0,0.0,0.0,0.0,0.0,3,3249210199,-46932555.985210896,51673466.22930908,55055.63955607754,-145519.49568778276,-0.7452635207552039,0.4410143329658214,0.02998828848844437,-0.00047546564529343804,0.01978144224320877,,105000000000.0,-0.0014285714285713347,-0.007142857142856673,-0.14285714285714413,0.39713,-1.0728044219317106,-1.9643529797437793,-0.010918481881250885,118.0927466856189,0.10167100767414183,3.552713678800501e-15,41.2279142586052,-0.4909101934449467,6.313456343924059,0.8369538562230449,37.241429191568386,,28.7896,1.3584782783682172,3193164923.795027,-2.143659417069473,-12709539.114281043,3.0,1.109857285097909,0.625,0.49315555950813383,-12.76595744680851,3.5293899247723033,54,0.08727272727272739,18,0.20961060480530247,30.0,0.42787878787878797,31.99794600000001,0.5643406524831222,87.3,1.7100572089973731,69298922,-2341.2567392326864,19722687,-665470.1900849664,,,20148411,-409743.8787147817,1.836,0.1701669433552686,34535507,-1196089.7891271561,-159,-2.470588235294116,0.395,-0.016666666666667496,0.9,1.198259561023697,84.62532865267723,-0.0661977971891119,55.9411,-3.99825477153032,37.167,-2.2030755124375077,2.0,0.05617755937548763,102,90.0,7.215159623861113,6,8,-1.0,13.13303523547904,877286753.73,2,-7.674684994272626,4,66,4.63,0.3700000000000001,183.2,37.54,0.5399999999999991,184.6,0.94,86.6,0.9740740740740741,82.0,94.0,67,-106,-286.0,-346,-791.0,5.670542782536935,0.1775734942211153,32,36195359773.3,1.36,67.9,95.3,92.9,4.187688723053893,2,1,8,1,81.4,66.8,39.87933833718245,6935933.103565,0.0,2.0,2.0,30,4.74,355364109,,,1
RA007,LV-103,,0,1,1,0,0,1,0,0,0,0,0,0,1,0,0,0,1,0,0,0,0,0,1,0,0,1,0,0,1,0,0,0,1,0,0,0,0.5396825396825397,0.0,1.0,0.0,0.0,0.0,0.0,0.0,0.0,0.0,0.0,0.0,0.0,0.0,0.0,0.0,0.0,4,2465306175,-94044627.4442172,-50588848.14282894,21529.28314173274,449141.87951797247,-0.02563543559951409,0.3785948307244266,0.04581203107689835,-0.06333597124819335,-0.07755501882346305,0.019645785795020743,115000000000.0,0.004285714285714393,0.021428571428571797,0.4285714285714253,0.52976,-0.06178760788705162,0.10681990956009457,-0.0023229814073622013,137.698339156645,0.686587782596952,-3.552713678800501e-15,54.12955604798279,-0.7046078237592042,-0.9288172807981141,1.189711092468749,12.158463536784893,0.4601856355256899,44.34180000000001,-3.064520657331009,486073881.72535706,2.704779619105125,-1338947.8438559845,1.0,0.20378360438101562,0.5,-0.7794556598312532,6.76605504587155,0.5233395045244906,17,0.20196363636363635,49,-0.027161005247169356,35.0,-0.45151515151515154,1.497230000000002,0.25429964461358334,90.2,4.013477310983779,106572092,151.35191977808154,20310574,-361993.59780261246,2.82,-0.007181214803807512,15534541,-117608.7755357176,1.785,-0.02092941361109979,32545795,495745.191903241,-159,-1.470588235294116,0.445,-0.016666666666666607,1.4,-0.6772771431873061,119.4106317776871,0.012071573987145534,55.3847,0.24456532974496525,40.62730000000001,0.8418351994532074,2.045,0.03919903700611771,169,155.0,8.146293593650366,4,4,-1.0,8.640722628696604,788897976.0,2,3.325942350332594,6,137,4.64,0.3600000000000003,199.9,36.73,0.2700000000000031,197.2,0.28,85.8,0.9625,93.1,87.2,67,-106,-286.0,-346,-791.0,6.965707339993417,0.1345718465893193,24,32340530795.1,1.97,78.9,88.9,89.6,3.422120832420591,2,1,4,1,78.7,91.3,37.932162004662,4645172.927424,0.007334963325183435,2.06,2.03,30,4.67,256956490,2.06,,0
RA008,LV-101,,0,1,1,1,0,0,0,0,0,0,0,0,0,1,0,0,0,1,0,1,0,0,0,0,0,0,1,0,1,0,0,0,0,1,0,0,0.6296296296296297,0.0,0.0,0.0,0.0,-1.0,0.0,0.0,0.0,0.0,0.0,0.0,0.0,0.0,0.0,0.0,0.0,,2567046422,92784107.25645876,41497510.65342808,-37150.842241856095,-104333.96132406965,-0.2608266812775266,0.448438088069251,0.07254792711131985,-0.04521585473582834,-0.0036356560293699935,-0.0030287243344930825,120000000000.0,-0.0028571428571427804,-0.014285714285714013,-0.2857142857142865,0.62608,1.0044051051400302,0.7309469079462829,-0.008365162949903304,186.5172772922295,2.069067264286531,2.4868995751603507e-14,58.69671985851638,-0.9972371134578424,-1.4552487720053051,1.50578857571231,103.06282560099771,2.818799052843957,18.4832,1.4348093589156896,-1613764260.1147099,-1.993144226776502,1898182.0415019765,1.0,0.20378360438101562,-0.3333333333333333,-0.5968637887605031,-7.006369426751601,-1.7750434395213892,32,-0.4391272727272727,4,-0.13507318420325864,20.0,0.18666666666666676,9.466831999999997,-0.4033967374517072,94.9,2.374309306312619,95059826,969.0339584553594,18219189,218391.4425965934,2.641,-0.16404278040055686,16792770,-324519.305038461,2.06,0.27519800140363326,38730937,-393442.86315715313,-159,-0.470588235294116,0.42,0.033333333333333215,0.25,-0.5209824178363931,147.5506088377199,0.00960973081225891,36.5615,1.1913865560662273,45.9001,1.6722155715762668,2.105,-0.013438992819708062,116,100.0,9.3751640984779,12,9,0.0,12.15045228470588,888198062.012,2,0.7376185458377269,5,88,4.96,0.04000000000000004,226.7,37.44,0.4399999999999977,185.5,0.5,89.3,0.9942196531791907,87.6,94.2,67,-106,-286.0,-346,-791.0,10.15373724688393,-0.09878962658743176,15,22229374672.0,1.91,60.8,88.1,89.4,5.499687087004103,3,1,3,3,76.8,73.1,43.37170996640538,3724044.453361,0.03087885985748216,2.17,2.04,30,4.76,450442700,2.17,,1
RA010,LV-103,,1,0,0,0,0,1,1,0,0,0,0,0,1,0,0,0,1,0,0,0,1,0,0,0,0,1,0,0,0,0,1,0,0,1,0,0,0.5396825396825397,0.0,0.0,0.0,0.0,0.0,-1.0,0.0,0.0,0.0,0.0,0.0,0.0,0.0,0.0,0.0,0.0,3,2857769431,41639757.02040672,-78323005.94701624,-3336.6038680123165,304685.9245710522,0.5994666516749287,0.6588425738567382,-0.04806366576383003,0.0594329543842651,0.020521308336827637,0.016924961112378067,115000000000.0,0.004285714285714393,0.021428571428571797,0.4285714285714253,0.56202,0.589576355176213,-0.2209781970132596,0.00909543429624482,164.3605406278597,-4.792367202460163,-3.552713678800501e-15,45.39849048641194,0.05730614560607705,-8.077713381905909,1.168929549855738,21.032105895374116,-0.15667528579155032,18.6615,2.725889674868725,-284443705.6965761,2.243769289194048,7983675.226183534,2.0,0.6568204447394623,0.7777777777777778,-0.1736529501881705,6.549707602339175,0.6474639572107712,10,0.03447272727272721,50,-0.002540734603700745,10.0,-0.05454545454545423,8.858244999999997,-0.4295362525652638,88.2,-3.5337454613135844,114301157,-397.47613764077687,14203143,-235035.71981500648,2.458,0.0976629933189681,15059784,384807.4713990316,2.69,-0.5509646478353396,36093639,1159099.2107025385,-159,1.529411764705884,0.445,-0.016666666666666607,1.4,-0.6772771431873061,117.9174347959931,0.010868019780768456,36.20039999999999,-1.0914273573584339,29.9493,-1.4790724043872459,2.155,0.04436264899210318,70,110.0,15.29653087176172,4,27,0.3333333333333334,16.55039130902878,920201756.7820001,1,3.061224489795921,2,110,4.98,0.01999999999999957,189.9,37.25,0.25,230.3,0.35,94.9,1.003105590062112,91.1,85.5,67,-106,-286.0,-346,-791.0,5.589838417843316,0.08232669318933514,18,25717760347.5,1.82,58.5,93.3,97.9,4.180630128776979,2,1,9,3,80.2,55.6,38.03333930453108,6410148.39369,0.002320185614849241,2.16,2.15,20,5.57,418322102,2.16,,1
RA011,LV-101,,1,0,0,1,0,0,0,1,0,0,0,0,0,1,0,0,0,1,0,0,0,0,1,0,0,0,1,0,1,0,0,0,0,1,0,0,0.6296296296296297,0.0,0.0,1.0,0.0,0.0,0.0,0.0,0.0,0.0,0.0,0.0,0.0,0.0,0.0,0.0,0.0,4,3196501765,-16311235.640697002,4143947.9988059998,-4506.867086675949,564212.356193468,-0.04389087657872359,0.4818751186183335,0.008003629399064405,-0.00871491340872832,0.0011118671750964815,0.001995056849383614,120000000000.0,-0.0028571428571427804,-0.014285714285714013,-0.2857142857142865,0.43407,-1.0445531883434604,-2.4954237604364913,0.04609301716104053,131.1537837759963,-0.6176458949172883,4.973799150320701e-14,43.22840527434786,-0.06103601069626663,3.0204486370474086,1.131723240066441,206.6775495148504,2.3840610667639197,20.502,2.1693182868236676,949663650.4134178,-0.7452290673708479,-2921608.147982113,1.0,0.20378360438101562,0.5555555555555556,1.3417048820973632,3.432494279176201,4.235894600654396,1,-0.1808727272727273,17,0.18499033416183375,55.0,0.030909090909090775,21.88744800000001,0.13008307669431263,85.7,-0.3803615681172001,127981820,-1369.5284475245826,16817765,-1301.45909863431,2.619,-0.04842241416105053,14874453,-22887.61860416038,2.118,-0.08682967106598616,35427096,-410821.86999761313,-159,2.529411764705884,0.42,0.033333333333333215,0.25,-0.5209824178363931,110.669213765076,0.002709608646339845,31.29940000000001,0.4707964319122624,29.9464,-0.3760091558436187,2.13,-0.019538171913802582,137,175.0,6.114556233280179,8,27,0.3333333333333334,14.74480612138047,875841483.61,1,-1.983663943990668,5,121,5.39,0.3899999999999997,212.2,37.1,0.1000000000000014,203.2,0.97,89.1,0.9963503649635037,90.4,87.4,67,-106,-286.0,-346,-791.0,5.97887651237066,0.01919139108683738,45,30124951646.4,1.04,61.2,90.2,95.8,3.268358351515151,2,1,9,3,85.6,59.4,39.76105050505051,6742941.237888,0.03286384976525825,2.2,2.06,20,4.48,382536400,2.2,,0
RA012,LV-102,,1,0,1,1,1,1,0,0,0,1,0,1,0,0,0,1,0,0,0,1,0,0,0,0,1,0,0,0,0,1,0,0,0,1,0,0,0.46296296296296297,0.0,0.0,0.0,0.0,0.0,0.0,0.0,0.0,-1.0,0.0,0.0,0.0,0.0,0.0,0.0,0.0,,3140134831,-74644539.67232513,11809293.640714169,-44087.40126287448,-446662.5457713157,0.49966861110869054,0.2433081674673988,-0.0498108301178567,0.01891587429378294,-0.026336541544061287,,105000000000.0,-0.0014285714285713347,-0.007142857142856673,-0.14285714285714413,1.1092,0.8953833393348418,0.13608352273025304,-0.009221317058318412,81.3989513126129,-0.08784403955432296,1.5987211554602254e-14,53.23082229016023,1.6193093127449387,-5.095553132863557,0.9989586612743079,-56.23474822822527,,29.874,-3.312147102341406,842995388.9237251,-0.7180924807783794,-2348831.745665811,6.0,-0.5310321938267508,1.0,-1.6890107824737037,3.172737955346654,0.4849239166505279,48,-0.05629090909090895,36,-0.34722452361226175,60.0,0.15151515151515138,9.485439999999997,-0.40259750234278585,87.0,4.325214408486588,57479856,-625.0246485095131,14700609,98244.66809087619,,,16362913,407315.7949072658,1.407,-0.5712318240677161,43443460,1151688.148261927,-159,3.529411764705884,0.395,-0.016666666666667496,0.9,1.198259561023697,101.0058365964094,-0.014835054817801563,46.1242,2.843407076437778,30.1254,1.634914468532429,1.98,0.05705690265076324,84,60.0,3.923650966563844,0,27,0.0,15.92374384244809,1457022561.584,2,2.183908045977018,6,72,5.0,0.0,214.4,36.98,0.02000000000000313,229.7,0.5,94.3,1.012931034482759,87.8,85.1,67,-106,-286.0,-346,-791.0,3.699122001975788,0.1849960245125992,54,33868899730.8,2.02,76.6,85.1,90.5,6.609103422950819,3,2,9,3,79.1,91.5,46.06941675503712,4406607.258712,0.0,1.98,1.98,30,3.08,320514669,,,1
RA013,LV-103,0,1,1,0,0,0,1,0,0,1,0,0,0,1,0,0,0,1,0,0,0,0,1,0,0,0,1,0,0,1,0,0,0,0,0,1,0,0.5396825396825397,0.0,0.0,0.0,0.0,0.0,0.0,0.0,0.0,0.0,0.0,0.0,0.0,0.0,-1.0,0.0,0.0,2,2188865988,-58534851.01827669,-83729672.00589228,-40147.09824226069,-47526.6141458787,-0.7272128543592817,0.3299699061780846,0.03994500171922,-0.020980075965761014,-0.013277222952551515,-0.040338900332320904,115000000000.0,0.004285714285714393,0.021428571428571797,0.4285714285714253,0.6510000000000001,3.148856126824363,1.170465298997243,-0.0669583184745004,164.2706771992491,1.3830522162501566,1.7763568394002505e-14,71.8906922450076,-0.918433795012362,4.2612286068949246,1.491639907969442,-116.76403160216796,4.4961659932021405,51.5955,-2.8639077138169853,-3988409662.388994,4.82817798345961,-17065663.933120728,0.0,-0.2492532359774311,0.7777777777777778,-0.1736529501881705,10.17964071856287,-2.7351280715304727,23,0.3455272727272727,31,-0.470325876829605,5.0,-0.17515151515151484,21.42237299999999,0.11010756786576736,90.4,-4.336263680834619,82506508,1860.8858823428172,17691182,294722.3350758096,2.837,-0.08884240689797074,21636572,-101142.58814726211,1.736,-0.13006120755918005,35855140,2358548.731375769,-159,4.529411764705884,0.445,-0.016666666666666607,1.4,-0.6772771431873061,145.8827104968395,0.010912399739253509,51.3,-3.3362986751450308,49.59,-2.1253984977802673,1.985,-0.008162933168056163,151,125.0,7.906326685954942,4,36,0.5,9.675624176254779,759536497.8360001,2,7.632743362831865,3,143,4.91,0.08999999999999986,230.5,37.22,0.2199999999999989,200.3,0.74,94.5,1.072046109510086,92.0,83.5,67,-106,-286.0,-346,-791.0,8.67295216232478,0.01472325682070629,27,25227951478.5,2.09,79.5,95.0,97.6,4.754802642038217,2,2,9,4,85.6,78.5,37.94194708994709,6453969.275843,0.03274559193954658,2.05,1.92,30,4.51,274377125,2.05,1.0,0
RA014,LV-101,1,1,1,0,1,0,0,0,0,0,0,0,0,0,1,0,0,0,1,0,0,1,0,0,0,0,0,1,0,1,0,0,0,1,0,0,0,0.3968253968253968,0.0,0.0,0.0,0.0,0.0,0.0,0.0,0.0,0.0,0.0,0.0,0.0,0.0,0.0,-1.0,0.0,3,2146295976,27779479.494755268,-54211554.643449545,-19195.802762685984,-116615.87314999476,0.3746536439956749,0.463555224990703,-0.003893581101532817,0.03460178954211557,0.013139250122818691,0.04822476261974673,120000000000.0,-0.0028571428571427804,-0.014285714285714013,-0.2857142857142865,1.11155,1.1335639132095707,-1.3155300648721848,0.036326197936941806,185.4348252367647,-3.017392136837465,1.4210854715202004e-14,67.41033460344197,0.6122279770160546,-4.297117532623574,1.684392882311971,53.59008874288611,3.2163485424385385,28.1055,5.460059634826592,-3010535279.313305,3.145924665425027,-11869160.042058721,3.0,1.109857285097909,0.0,-1.8699005371888031,1.746216530849825,-4.096641679087943,26,0.41730909090909096,22,0.308091687379177,50.0,-0.08969696969696983,20.219948,0.05846202423697133,92.0,2.1616477278465167,83769055,1771.052979603609,17130637,331379.7991210292,2.678,0.050459330923911194,17859034,59562.41892559547,1.781,-0.01885853964767792,36988881,1831427.377598241,-159,5.529411764705884,0.42,0.033333333333333215,0.25,-0.5209824178363931,164.975630246015,-0.01104807982564271,45.37839999999999,1.9050448038481278,49.18879999999999,2.8983860938416868,2.075,-0.012119977906795754,98,70.0,13.49906286070692,4,4,0.0,13.9664767133913,963686893.224,2,6.630434782608689,3,94,4.88,0.1200000000000001,232.2,36.76,0.240000000000002,208.2,0.99,85.4,1.053452115812918,87.4,85.9,67,-106,-286.0,-346,-791.0,7.555146742697032,-0.03501704872729222,6,19814603205.0,1.54,61.5,86.6,90.6,7.220872856086956,2,1,2,2,93.2,69.0,43.31250702576112,5170841.372221,0.03132530120481936,2.14,2.01,30,4.91,357905844,2.14,1.0,1
RA015,LV-102,0,0,0,1,1,1,1,0,0,0,0,0,1,0,0,0,1,0,0,0,0,0,0,1,0,1,0,0,0,0,1,0,0,0,1,0,0,0.6825396825396826,0.0,0.0,0.0,0.0,0.0,0.0,0.0,0.0,0.0,0.0,0.0,0.0,0.0,0.0,0.0,-1.0,4,2506244767,63745197.649834156,35696105.28908539,8777.46664764441,-635601.7118547335,0.048456530654331864,0.2706995606623859,-0.014781056595037034,0.06938649029943855,0.03055194944177453,,105000000000.0,-0.0014285714285713347,-0.007142857142856673,-0.14285714285714413,0.9975,-3.266220959306409,4.0957182255249975,0.009422163445825138,102.2034296918025,-0.9356871841793506,2.4868995751603507e-14,62.32892589819532,1.1500984158557799,5.898487032072282,1.169363236880894,-154.5575624034309,,29.127,-4.9368638494918216,-858248290.7361279,-1.584984626417835,2819716.844581917,0.0,-0.2492532359774311,0.5,1.2205443401687468,-0.5767012687427913,2.1360798719596623,45,-0.12807272727272712,45,-0.12564208782104402,15.0,0.06606060606060626,5.052109999999999,-0.5930141503132224,85.9,2.125767208620977,49847642,483.23979388099997,16785007,-451778.31168255676,,,18437623,287911.13373985654,1.078,-0.13040244057625205,34972093,-887647.6932510361,-159,6.529411764705884,0.395,-0.016666666666667496,0.9,1.198259561023697,118.2355339463163,0.011137499234830095,33.3696,-1.4209472303093662,36.024,-1.9957330692074677,2.01,0.055737887737850045,165,135.0,5.786066670377111,12,24,0.0,12.09067299705078,1238084914.898,1,-0.9313154831199035,4,165,5.12,0.1200000000000001,185.3,36.59,0.4099999999999966,220.5,0.41,94.0,0.8076923076923077,86.2,86.7,67,-106,-286.0,-346,-791.0,4.339222282875375,-0.03324093313867909,32,30598783479.6,1.95,79.8,94.8,93.1,3.374260535546874,3,2,8,3,91.4,102.4,37.20435425531915,6559455.686885,0.0,2.01,2.01,20,3.55,417425173,,1.0,0
RA016,LV-103,,1,0,1,0,0,1,0,0,0,0,0,0,1,0,0,0,1,0,0,1,0,0,0,0,0,1,0,0,0,1,0,0,1,0,0,0,0.5396825396825397,0.0,0.0,0.0,0.0,0.0,0.0,0.0,0.0,-1.0,0.0,0.0,0.0,0.0,0.0,0.0,0.0,,2798482131,65059772.0726099,-52824531.2631979,-18970.23381720856,157167.58136795834,-0.1881973052485968,0.3002793296089386,-0.077302795340921,-0.08013853931085269,-0.023807099880511995,0.026790724298052737,115000000000.0,0.004285714285714393,0.021428571428571797,0.4285714285714253,0.49536,-1.1568564339681515,0.4872965731007639,-0.004742892900293949,117.8520525262721,1.5783559502001054,3.552713678800501e-14,55.51451947948082,0.2282057851854873,1.9832205716179914,1.147414521379491,30.21894402324233,-11.4647198377899,39.447,-4.829130475204963,615838966.5999031,1.358383087006531,4695763.510157883,0.0,-0.2492532359774311,1.0,-1.6890107824737037,1.467268623024844,-1.4366016258225223,4,-0.10909090909090913,8,-0.0365921016293842,40.0,-0.33090909090909093,3.180214000000007,0.32658575276882507,92.0,-2.9475474350785094,108339225,25.748702300837067,17884657,349352.3617797089,2.918,0.07641897194748559,21958336,522998.90695571434,1.359,0.13861866349334884,36369803,746046.809140265,-159,7.529411764705884,0.445,-0.016666666666666607,1.4,-0.6772771431873061,126.7212077432649,0.01581277153415339,49.5075,2.2346125964868264,49.2492,3.2345860207261197,2.005,-0.12904227644333122,112,80.0,4.87750654998496,0,12,0.0,10.66088430857143,895514281.92,2,3.69565217391305,6,116,4.95,0.04999999999999982,233.7,36.49,0.509999999999998,228.8,0.5,94.1,0.9,89.9,88.6,67,-106,-286.0,-346,-791.0,6.396575219353585,0.002271815896606271,36,33751835487.0,1.47,81.0,86.1,95.4,2.771032609523809,2,2,6,2,90.0,84.0,38.65016259298619,5394012.633778,0.09226932668329174,2.19,2.19,20,3.93,437862593,1.82,,1
RA017,LV-101,,1,0,0,1,0,0,1,0,0,0,0,0,0,1,0,0,0,1,0,0,0,1,0,0,0,0,1,0,1,0,0,0,1,0,0,0,0.5396825396825397,0.0,1.0,0.0,0.0,0.0,0.0,0.0,0.0,0.0,0.0,0.0,0.0,0.0,0.0,0.0,0.0,2,2974790850,108310119.87549686,-19863223.76457548,8438.520501208724,304247.7768742293,-0.31071397469756157,0.4122935779816514,0.049723399601493634,-0.00954709530247655,0.02957119862657498,0.0036030736888696957,120000000000.0,-0.0028571428571427804,-0.014285714285714013,-0.2857142857142865,0.89621,0.7983278373867719,1.0344587313301048,0.012623999661274254,126.616494698496,-0.10274426849249352,2.1316282072803006e-14,47.64948875202343,-0.1810282998461048,1.4594129252349433,1.166402864608164,197.07142090600155,-3.9033605642674303,42.7734,-4.02677734572552,2682369023.4002743,-0.217352320240463,828506.1244256832,0.0,-0.2492532359774311,0.8181818181818181,-0.08553619242190358,-10.37037037037037,4.4549760196654695,7,-0.03730909090909096,59,0.2190417011875172,25.0,0.30727272727272736,14.37688300000001,-0.1925043714911555,87.7,1.7382031253659305,120095727,-809.3985466485428,20375090,175104.81192011945,2.688,-0.12645901736677323,16521592,32812.40153626166,1.737,0.07092107394996461,35448949,-186180.17784490436,-159,8.529411764705884,0.42,0.033333333333333215,0.25,-0.5209824178363931,120.2263083451202,0.01266383543351779,29.6351,-0.4064043327310216,54.81100000000001,-0.8403021689124088,2.06,0.0135395295496612,179,145.0,11.5116453717574,2,22,0.5,19.4452007199688,1246437366.15,1,-7.753705815279358,5,127,4.76,0.2400000000000002,226.4,37.3,0.2999999999999972,206.8,1.13,86.5,0.9856801909307875,84.7,94.5,67,-106,-286.0,-346,-791.0,6.004272734027906,-0.2670613285849631,55,36998722104.3,2.03,80.1,92.9,92.7,4.634355579095164,1,2,11,2,86.7,64.1,40.98144393063584,3264570.072238,0.01941747572815536,2.1,2.1,20,4.78,492649879,2.02,,0
RA018,LV-102,1,1,1,0,1,1,1,0,1,0,0,0,1,0,0,0,1,0,0,0,0,1,0,0,0,1,0,0,0,1,0,0,0,1,0,0,0,0.5252525252525252,0.0,0.0,0.0,0.0,-1.0,0.0,0.0,0.0,0.0,0.0,0.0,0.0,0.0,0.0,0.0,0.0,3,2903997196,-25237218.235788345,-3054997.706076145,20049.296184701147,-367145.0780072808,0.30123835680141653,0.3972804116133775,0.0019486637584362754,0.007402764780531701,-0.03414648567002532,,105000000000.0,-0.0014285714285713347,-0.007142857142856673,-0.14285714285714413,0.6863199999999999,2.3197233052308945,0.790450063399156,-0.025883611960700437,134.8155590572814,1.5680988196514036,3.552713678800501e-14,48.29293525472127,0.5727678903377722,1.8834310882106138,1.078416297324579,-102.08151235625246,,34.6632,-5.023802463181077,1718031081.2541885,-0.169798114819119,1137699.7984861853,0.0,-0.2492532359774311,0.0,1.1300994628111969,12.51475796930342,3.7251512182357125,42,-0.19985454545454528,54,0.09594034797017392,30.0,0.42787878787878797,12.68729,-0.26507434383571715,85.9,-1.9475945471912723,59160827,-869.1163875500615,16839797,40098.67261936981,,,18343571,-195936.17502587195,1.805,0.22171621657179008,34425185,-366017.33800697327,-219,-5.399999999999999,0.395,-0.016666666666667496,0.9,1.198259561023697,109.0398850124849,0.00031420409486493384,52.28100000000001,-2.9696676890757985,34.7598,-1.7603679627057929,2.2,0.04738412662273328,66,90.0,9.848808139059201,5,10,0.5,16.541168028416,1033823001.776,2,1.396973224679864,2,78,4.89,0.1100000000000003,214.7,36.91,0.09000000000000341,194.2,0.87,92.2,1.047752808988764,95.3,84.7,67,-106,-226.0,-346,-791.0,7.259026284153253,0.1772666169636159,10,36770729428.0,0.76,80.8,94.2,97.4,3.9217170752,1,2,5,2,79.6,62.5,37.33751084598698,4017024.347175,0.0,2.2,2.2,20,4.79,354470087,,1.0,1
RA020,LV-101,1,1,1,0,1,0,0,0,0,1,0,0,0,0,1,0,0,0,1,0,1,0,0,0,0,0,0,1,0,1,0,0,0,1,0,0,0,0.3968253968253968,0.0,0.0,0.0,0.0,0.0,-1.0,0.0,0.0,0.0,0.0,0.0,0.0,0.0,0.0,0.0,0.0,,1837151417,7521808.366529942,59322876.81747913,29162.528823727393,-18022.077678859234,-0.4434366016927509,0.4472268595807827,0.0740671111780975,0.004299011555604526,-0.014161853219791798,-0.0023878503447214428,120000000000.0,-0.0028571428571427804,-0.014285714285714013,-0.2857142857142865,1.04653,1.2439890564714062,-0.5037922581232834,0.02538393924050597,185.8934769528968,-2.5215563118834154,1.4210854715202004e-14,68.91429887588136,-1.1327600357884577,-2.4832251137035897,1.879253986813106,-0.38572141758413636,-2.562461421012273,38.42080000000001,-5.1266998539543,-3294694176.1796646,-1.762461221214539,14738469.585192472,0.0,-0.2492532359774311,0.8181818181818181,-0.08553619242190358,-0.4259850905218378,0.2496098733906995,20,0.2737454545454545,40,-0.2487434410383872,20.0,0.18666666666666676,21.772403,0.12514176096420448,95.0,3.5367228979130356,82138977,1886.754608478671,21875785,188154.60024109855,2.708,-0.02729571394814201,19560988,-47328.87186204037,1.755,-0.014397858885434545,34240485,-1098864.0126330927,-219,-3.3999999999999986,0.42,0.033333333333333215,0.25,-0.5209824178363931,190.0133437720037,-0.059600861697011176,55.66049999999999,2.7259280473371277,29.1555,1.3594126624859015,2.27,0.04430642515926975,80,100.0,11.27906387646188,2,22,0.5,12.17389493192771,808346623.48,2,1.157894736842099,6,100,4.6,0.4000000000000004,228.2,37.13,0.1300000000000026,202.5,0.5,86.1,1.038636363636364,93.5,93.9,67,-106,-226.0,-346,-791.0,7.826521885876159,0.2808266095756942,66,25715817996.0,1.52,81.4,85.5,88.4,4.537895602409638,1,2,11,2,74.4,66.4,39.76827526132404,6462272.744884,0.0,2.27,2.27,20,4.68,317418988,2.27,1.0,1
RA021,LV-102,,1,1,0,1,1,1,0,0,0,0,0,1,0,0,0,1,0,0,0,0,0,1,0,0,1,0,0,0,0,1,0,0,1,0,0,0,0.46296296296296297,0.0,0.0,1.0,0.0,0.0,0.0,0.0,0.0,0.0,0.0,0.0,0.0,0.0,0.0,0.0,0.0,2,2748673902,-35607097.41141319,-33575123.33132362,-19989.111953589832,-514054.5592209287,0.30852577603165354,0.3023336816440265,-0.013575557221621404,0.029562812931365645,-0.004681742277470313,,105000000000.0,-0.0014285714285713347,-0.007142857142856673,-0.14285714285714413,0.6222,0.7064729235936795,0.9944537225811061,-0.011103413965204645,111.4061042154524,-0.12743999008312556,2.4868995751603507e-14,57.63007661307458,0.9579485555892759,-2.5635415569654185,1.258492289913801,-205.9846986042735,,40.0803,1.6288121164554923,-183881065.69922066,1.18101311157834,3715345.568644669,6.0,-0.5310321938267508,0.5555555555555556,1.3417048820973632,-0.8264462809917389,0.3793654243581219,51,0.015490909090909222,27,0.4311930405965203,45.0,-0.21030303030303044,0.3645259999999979,0.20564869852504353,85.6,1.281016726898029,52308624,125.88361335945137,15829165,281763.34959927713,,,15277021,281729.5122345532,1.476,-0.25345439993674646,39026030,1294096.5819724947,-219,-2.3999999999999986,0.395,-0.016666666666667496,0.9,1.198259561023697,127.2475634884737,0.015951019362403507,32.712,-1.0612087353441808,54.332,-1.5343380129131177,2.27,0.04430642515926975,147,165.0,4.894966347828739,12,9,-2.0,12.20467165137405,959287191.798,2,1.051401869158868,4,171,5.15,0.1500000000000004,228.1,37.24,0.240000000000002,223.2,0.97,87.4,0.9742120343839542,84.0,84.7,67,-106,-226.0,-346,-791.0,5.214006409002479,-0.2203485944739481,36,28850218022.7,1.06,71.7,94.0,94.1,5.198505522900764,3,2,9,1,74.5,78.6,44.65220823798627,6506080.942617,0.0,2.27,2.27,30,3.81,333936472,,,0
RA022,LV-103,0,1,0,1,0,0,1,0,0,0,0,0,0,1,0,0,0,1,0,0,0,1,0,0,0,0,1,0,0,0,0,1,0,0,1,0,0,0.5396825396825397,0.0,0.0,0.0,0.0,0.0,0.0,0.0,0.0,-1.0,0.0,0.0,0.0,0.0,0.0,0.0,0.0,3,2683003411,61875063.15822506,-19454313.20273447,52632.26216058317,445464.2363603264,0.30105497907102574,0.5485881207400195,-0.07474998611767525,-0.009509742350513717,-0.035752715094244714,0.007712084751508419,115000000000.0,0.004285714285714393,0.021428571428571797,0.4285714285714253,0.6066,0.8168486885103903,0.9433332650073254,-0.018326272054203896,147.7939012191901,-2.2205155297364243,3.197442310920451e-14,45.37377034321064,0.046505122073384086,-1.4960225207503441,1.048728008301159,72.35772260097747,0.162808204348309,23.6472,-1.6160108789896057,661113557.1434097,0.3436267155117082,2055260.0207402026,0.0,-0.2492532359774311,-1.5,-2.141235169261452,-1.569506726457405,-2.294320450545938,58,0.18298181818181836,26,0.4065727699530517,10.0,-0.05454545454545423,13.171111,-0.2442936726387378,92.5,-0.6788629297594811,118829667,-719.055525484182,14056995,291565.66545531945,2.604,0.149455108274976,21102540,367997.04031948745,1.999,0.08027882934581987,31830761,-668222.4487281218,-219,-1.3999999999999986,0.445,-0.016666666666666607,1.4,-0.6772771431873061,105.5105433963163,-0.005635308385843807,48.16629999999999,1.5841279089067228,44.8565,2.17456253024195,2.01,0.04573788773785026,94,110.0,13.36585728742068,5,6,0.6666666666666667,11.01376101890215,922953173.384,2,3.567567567567564,5,62,4.76,0.2400000000000002,226.8,36.41,0.5900000000000034,222.4,0.31,90.5,0.9796511627906977,87.8,89.2,67,-106,-226.0,-346,-791.0,6.028481950663187,0.03091790226350725,10,32358232273.2,2.15,70.8,87.1,93.0,2.613313074940335,1,1,2,3,90.8,83.8,35.17211160220994,6588209.245969,0.004975124378109458,2.02,2.0,20,5.28,427121418,2.02,1.0,1
RA023,LV-101,0,1,0,1,1,0,0,0,0,0,0,0,0,0,1,0,0,0,1,0,0,0,0,1,0,0,0,1,0,1,0,0,0,1,0,0,0,0.5396825396825397,0.0,0.0,0.0,0.0,0.0,0.0,0.0,0.0,0.0,0.0,0.0,0.0,0.0,-1.0,0.0,0.0,4,2670106610,-72309726.70858479,156729150.34736586,-17252.360824383562,313446.8151206486,0.28138654389186435,0.4386321626617375,0.02894286603639129,-0.016551254436074414,-0.004825433242931165,0.02655898561384684,120000000000.0,-0.0028571428571427804,-0.014285714285714013,-0.2857142857142865,0.43358,-1.7316631803428706,-0.09572272277949168,-0.017327743849711696,160.3802451042511,0.9763514782588203,1.4210854715202004e-14,53.69829966666656,-0.33531679887001786,-7.082234606765525,1.359543964600356,143.5720456763911,13.257376951221744,35.178,4.772990283047889,-323169712.9996319,-5.642141234089904,-3539689.7359520495,2.0,-0.34317955526053767,0.4285714285714286,1.0647665005462397,-7.367280606717223,-0.4679788125946063,13,0.10625454545454538,41,-0.22412317039491847,55.0,0.030909090909090775,0.748069000000001,0.2221223137110382,91.7,-4.5874689177584065,105785472,207.0760460503834,14881815,-164564.09209175874,2.717,0.012177772590241664,18977696,-297986.1448521889,2.172,-0.01578646957218366,41239149,-1744908.0851532072,-219,-0.3999999999999986,0.42,0.033333333333333215,0.25,-0.5209824178363931,122.8410578935798,0.014260186565906885,29.2336,-1.6425433142873977,40.5592,-2.886231274401581,2.115,-0.17387866445734645,161,175.0,7.662607411527375,4,28,0.75,13.80931425446735,803702089.61,2,-0.654307524536526,2,133,4.62,0.3799999999999999,197.1,37.17,0.1700000000000017,189.2,0.92,87.9,0.8837209302325582,85.5,92.3,67,-106,-226.0,-346,-791.0,8.270629981007378,-0.1422070800091447,14,26853235398.0,1.5,66.0,96.8,97.2,4.265630188659793,1,2,7,4,88.9,58.2,46.91598293515358,6434425.138886,0.1063829787234043,2.34,1.89,20,4.67,292092713,2.34,1.0,0
RA024,LV-102,1,1,0,0,1,1,1,1,0,0,0,0,1,0,0,0,1,0,0,0,1,0,0,0,0,1,0,0,0,1,0,0,0,0,1,0,0,0.6825396825396826,0.0,0.0,0.0,0.0,0.0,0.0,0.0,0.0,0.0,0.0,0.0,0.0,0.0,0.0,-1.0,0.0,,2726820793,19226235.735784054,-68213338.2293992,24287.793854049523,-457860.28858899325,-0.031394048011684106,0.4328686720469552,0.026930111930964618,0.025278831609735875,0.0053258346192404105,,105000000000.0,-0.0014285714285713347,-0.007142857142856673,-0.14285714285714413,1.12484,-0.41604467113293,-0.6606202061569064,0.04697976222865252,156.7248058400707,1.8475666991819395,1.4210854715202004e-14,51.15323523946751,-0.1097914481142439,-2.8479217693073764,1.07281861332252,-98.85166924912528,,27.606,-7.554660599713749,518438316.2915211,2.252466687400098,5058487.763341151,0.0,-0.2492532359774311,1.0,-1.6890107824737037,-9.090909090909086,0.12091404761977831,36,-0.34341818181818173,12,0.06188898094449047,60.0,0.15151515151515138,6.581723999999994,-0.5273154609378204,92.6,-4.034956740534918,55955405,-403.66098686864916,18272323,-14583.246668190695,,,14896719,-97422.28064492159,1.943,0.3602710648337286,35163589,920429.1666526049,-219,0.6000000000000014,0.395,-0.016666666666667496,0.9,1.198259561023697,108.4739024764865,-0.0005688712814686525,48.308,-1.879580948661058,44.4062,-1.049788911414673,2.07,0.05309985791202365,108,60.0,8.159053836600073,0,24,0.6666666666666667,18.99399834884903,1270698489.538,1,-2.159827213822894,6,84,4.99,0.009999999999999787,214.0,37.01,0.00999999999999801,198.2,0.5,93.8,0.9892703862660944,86.0,94.6,67,-106,-226.0,-346,-791.0,8.519284225501924,0.03657544702268035,48,37016652856.0,2.29,86.0,92.9,96.2,4.898724207473841,1,2,8,3,76.6,66.9,37.48783475479745,5897642.680449,0.0,2.07,2.07,20,4.13,387339825,,1.0,1
RA025,LV-103,0,0,1,0,0,0,1,0,1,0,0,0,0,1,0,0,0,1,0,0,0,0,1,0,0,0,1,0,0,1,0,0,0,0,0,1,0,0.5396825396825397,0.0,0.0,0.0,0.0,0.0,0.0,0.0,0.0,0.0,0.0,0.0,0.0,0.0,0.0,0.0,-1.0,2,2695891636,133785854.20421267,-70384209.88392735,-9746.848185065028,34338.287978328764,0.14318609605065546,0.5102514506769826,-0.060015130707988806,0.018592378758740535,-0.06348746125496785,-0.09454763828881352,115000000000.0,0.004285714285714393,0.021428571428571797,0.4285714285714253,0.9392499999999999,0.8661116244370817,0.865511798258332,0.010622137520571506,172.051506487323,-0.07864369317466924,4.263256414560601e-14,51.60746626476329,-0.2878851365986108,0.4490564551492753,1.172944496053495,19.317738617099167,6.317115954466047,43.4265,7.307964966943743,-197268976.71691132,1.898809336187386,3942679.915819727,3.0,1.109857285097909,0.7272727272727273,0.7162011026039963,7.11656441717791,-4.277757319937419,35,-0.36734545454545453,55,0.12056061861364253,5.0,-0.17515151515151484,0.1793030000000044,0.1976931565764345,89.0,3.7224825542348468,105188268,249.79530707390495,15451443,-49093.87519618543,2.61,0.045104099300564915,15078576,-338498.0128274476,2.203,0.08966425721129534,33733441,422874.522996977,-219,1.6000000000000014,0.445,-0.016666666666666607,1.4,-0.6772771431873061,112.0420176791077,0.004562357434539699,51.4866,6.248118594988007,25.824,2.7784514635540276,1.99,-0.05338276898687466,175,125.0,10.30792972627099,9,44,0.25,14.71736760469388,1153841620.208,1,8.426966292134832,2,155,5.39,0.3899999999999997,206.3,37.6,0.6000000000000014,182.3,0.78,88.9,0.9929906542056075,87.3,81.5,67,-106,-226.0,-346,-791.0,8.340046047235925,0.2996707004012563,22,26823008436.9,1.4,66.3,80.7,90.3,5.524711510714285,3,1,11,4,96.8,78.4,37.9453779527559,4360682.895026,0.05527638190954779,2.1,1.88,30,4.59,499875563,2.1,1.0,0
RA026,LV-101,0,0,1,0,1,0,0,0,0,0,1,0,0,0,1,0,0,0,1,0,0,1,0,0,0,0,0,1,0,1,0,0,0,0,0,1,0,0.5396825396825397,0.0,0.0,0.0,0.0,0.0,0.0,0.0,0.0,-1.0,0.0,0.0,0.0,0.0,0.0,0.0,0.0,3,2457024673,-17718367.038919926,149161832.3038845,8203.948196963815,235041.26728454977,0.5455161255683922,0.3990174672489083,-0.09466416645633946,-0.052577638525060255,0.03219968232860104,0.02881756273991476,120000000000.0,-0.0028571428571427804,-0.014285714285714013,-0.2857142857142865,1.3797,-2.1204271997657926,-1.1490442522948783,-0.015096163218434988,174.9276894336891,4.100034555710245,7.105427357601002e-15,56.58637911286375,0.525327401609502,-1.3589716161206695,1.440252199456221,121.21616108813487,-8.189519529131843,53.2416,1.1073054555060509,-240674920.40758514,-5.770418934024495,8637078.946124375,0.0,-0.2492532359774311,0.5,0.2205443401687468,5.834305717619603,0.8579096086208597,14,0.13018181818181818,58,0.1944214305440486,50.0,-0.08969696969696983,2.874153000000007,0.31344007904399973,88.0,-0.8856522584186886,101982139,477.35337035895554,15001920,219859.75481194817,2.737,0.07034107600887296,17009855,-364580.289191145,1.835,0.6251846618461241,36296163,-2500398.7735314593,-219,2.6000000000000014,0.42,0.033333333333333215,0.25,-0.5209824178363931,151.6933137949701,0.0058346637346318175,32.9868,1.2213093023437267,34.1334,0.7012937227179137,2.16,-0.0408571868267158,62,70.0,9.48016156934767,9,12,-0.5,13.68145125528676,1312051175.382,1,2.61363636363636,6,106,5.31,0.3099999999999996,223.1,37.25,0.25,183.4,0.83,90.8,0.9569288389513109,90.7,85.7,67,-106,-226.0,-346,-791.0,10.57648434201042,-0.0148393628184313,36,29496372724.8,1.44,75.2,88.2,95.2,6.063238073618352,3,2,6,2,94.9,95.9,39.97374779735683,4752851.89612,0.0416666666666667,2.25,2.25,30,4.15,332740842,2.07,1.0,1
RA027,LV-102,1,0,1,0,1,1,1,0,0,1,0,0,1,0,0,0,1,0,0,0,0,0,0,1,0,1,0,0,0,1,0,0,0,1,0,0,0,0.5252525252525252,0.0,1.0,0.0,0.0,0.0,0.0,0.0,0.0,0.0,0.0,0.0,0.0,0.0,0.0,0.0,0.0,4,3148023185,-89517921.04317474,-78227485.79340553,18760.839464344084,-210135.2258818224,-0.06813622316520451,0.4000722804481388,0.022141971171509178,0.043985520849864734,0.0004216273467640974,,105000000000.0,-0.0014285714285713347,-0.007142857142856673,-0.14285714285714413,1.5764,-2.094844697145085,-2.6636983936816563,-0.08785234442724033,112.9360115688377,-0.5968051926177012,0.0,45.28897739289476,0.37424020709952543,5.091903134695286,0.9086321787261569,-4.116699595623686,,35.466,2.5355316795396092,2848894429.023733,2.190486652067876,14192244.781892233,6.0,-0.5310321938267508,0.7142857142857143,-0.3121221409637318,4.898446833930699,-2.7051625227949483,57,0.15905454545454556,9,-0.011971830985915366,15.0,0.06606060606060626,22.193088,0.14321066798250515,89.2,-3.5598119448519068,64151371,-1593.7871663549167,16824102,-289194.7584037315,,,15064879,219220.19152345043,1.723,-0.06883086717805842,33835892,574415.5169445649,-219,3.6000000000000014,0.395,-0.016666666666667496,0.9,1.198259561023697,91.87282493569373,-0.039672339301506376,60.81329999999999,-0.22720534204344744,40.00639999999999,0.5976872755700455,2.01,0.055737887737850045,129,135.0,10.03174417494066,6,21,0.0,28.20827074433071,1791225192.265,1,6.165919282511211,3,177,4.9,0.09999999999999964,195.1,36.84,0.1599999999999966,219.3,1.02,90.6,0.9894551845342706,87.8,83.7,67,-106,-226.0,-346,-791.0,5.057569213734904,0.1818690979146411,21,34049574003.0,0.94,69.0,89.3,97.4,9.095727188031496,3,2,7,3,74.8,63.5,37.34645916114791,3063352.513267,0.0,2.01,2.01,30,4.14,306157470,,1.0,0
RA028,LV-103,,0,1,0,0,0,1,0,0,0,0,0,0,1,0,0,0,1,0,0,1,0,0,0,0,0,1,0,0,1,0,0,0,0,0,1,0,0.7222222222222222,0.0,0.0,0.0,0.0,-1.0,0.0,0.0,0.0,0.0,0.0,0.0,0.0,0.0,0.0,0.0,0.0,,2803473311,74632649.19376612,77722938.78610277,-17182.690640068846,141145.44771136716,-0.16817543837171467,0.3438874230430958,0.034998533675207666,0.028174856256093506,-0.04851854906328601,0.028765294164203148,115000000000.0,0.004285714285714393,0.021428571428571797,0.4285714285714253,0.93732,2.216882472276126,-1.0702063317095423,0.04754489034164022,125.4432621884847,0.46699132766073603,-1.0658141036401503e-14,54.96723797915334,0.09612289841076915,-0.424617254384259,1.284571715410439,-28.346674006304966,12.001997979606557,44.5136,5.2341759118262345,509404294.9941368,-3.347462704097163,-5876223.081531212,0.0,-0.2492532359774311,0.75,-0.2342332211524787,4.262295081967219,6.759815157313721,52,0.03941818181818202,44,-0.15026235846451264,40.0,-0.33090909090909093,3.425244000000006,0.3371100744981337,87.7,-2.26888006309413,108596506,7.389243564134631,15790877,-17656.718344139867,2.906,0.08912098989630657,17418590,-28722.59335855674,1.342,0.24191987783789237,39152953,-951844.7680893838,-219,4.600000000000001,0.445,-0.016666666666666607,1.4,-0.6772771431873061,117.7618543953998,0.010733615686907783,29.158,-1.255201115048699,37.18839999999999,-2.3256801741042707,2.25,-0.16481423156545505,76,80.0,7.236376173518423,6,16,-0.5,19.53199776467938,1126996271.022,1,-4.332953249714934,6,68,4.78,0.2199999999999998,209.1,37.21,0.2100000000000009,203.2,0.5,95.1,1.08955223880597,95.4,91.5,67,-106,-226.0,-346,-791.0,6.22913686333677,-0.1056497619789219,48,28736306393.6,1.88,68.8,95.6,96.8,5.455628112998268,3,2,8,2,98.3,57.7,41.17029758149317,3871822.064479,0.09333333333333332,2.46,2.04,20,4.17,447762073,2.46,,1
