Patient Lot/Batch #,Vector Lot,day 3 clump pattern,Day 10 Clump Present Bag 1,Day 10 Clump Present Bag 2,Day 10 Clump Present Bag 3,Country,Pre-Activation Clumps: Y/N?,LV CoA Site/Format,Non-Conformance Type,Clinical Site,Clinical Site ID,Media Lot,IL-2 Lot,growth profile,CD4 profile,Shift Team,Incubator ID,Clump Severity,Harvest Post Wash Viable Cell Count (cells),Harvest Pre-Wash Viable Cell Count after Sampling (cells),total viable cells in formulated suspension,Seeded_cells_min_AB,Avg_cells_per_bag_D3,Glucose_perE6_slope_D6_D10,Lactate_to_Glucose_perE6_ratio_D6,Day 6 Lactate G-Rex A (g/L),Day 8 Glucose G-Rex A (g/L),Day 6 Glucose G-Rex A (g/L),Day 8 Glucose G-Rex B (g/L),LV CoA Physical Titer p24 ELISA,LV CoA CAR% - Donor 2,LV CoA DNA size,# of Culture Bags,VCN/cell,FP Flow CAR+ (%),Harvest Pre-Wash Flow CAR+ Expression (%),Provirus Vector Copy Number (copies/transduced cell),Lactate_perE6_AUC_D6_D10,D10 Lact / E6 cells,D6 Lact / E6 cells,D6 Glucose / E6 cells,D8 Glucose / E6 cells,Volume CS5 Used for Formulation (mL),MOI_eff_pool,MOI_eff_quality_adjusted,MOI_eff_G-Rex_B,PT CD3+CD4+ (%),Post Thaw FLOW CD4+ (%),PT Total CD4+ (Viable Cells),% cells lost during formulation,number of viable cells lost during formulation,Clump_burden_weighted_post_mixing,Post-Mixing Clumps: # of Clumps,Clump_count_reduction_fraction,Post-Massaging: # of Clumps,D10 harvest - D10 wash viability change (%),Viability_change_D3_to_D10_pct,D3_contact_time_deviation,D3_contact_time_within_window,D3_contact_time_deviation_G-Rex_A,D3_contact_time_within_window_G-Rex_A,D3_contact_time_deviation_G-Rex_B,D3_contact_time_within_window_G-Rex_B,D3_seeding_error_pct,D3_seeding_within_5pct,Day 3 Average of Pooled Viability (%),Drop viability D3 vs D0 (%),Day 3 Total Viable Cells Available for Seeding G-Rex (cells),Seeded_cells_std_AB,Day 6 Activity of IL-2 (IU/mg),IL2_IU_total_D6,Day 6 Glucose G-Rex B (g/L),Day 6 Lactate G-Rex B (g/L),Day 8 Activity of IL-2 (IU/mg),IL2_IU_total_D8,Day 8 Lactate G-Rex A (g/L),Harvest Lactate (g/L),Final Formulation CS5 Viable Cell Concentration Average (cells/mL),Harvest Post Wash Viable Cell Concentration Average (cells/mL),Incubation D3-D6 (min),Number of Prior Lines of Therapy,LV CoA CAR% - Donor 1,LV CoA pH,LV CoA HCP,LVCoA_Impurity_Index_zsum,MOI_eff_G-Rex_A,log_MOI_eff_G-Rex_A,PE CD3+CD4+ (%),Post Wash POS FLOW CD4+ (%),PE CD3+CD8+ (%),Post Wash POS FLOW CD8+ (%),Vector_volume_mean_AB_mL,Vector_volume_min_AB_mL,Amount of Time G-Rex A in Incubator (120min+/-30 min),Amount of Time G-Rex B in Incubator (120min+/-30 min),CAR T produced per cell engaged D3,Clump_burden_weighted_post_massage,Clump_burden_weighted_pre,Clump_size_reduction_fraction,D10 Achievable Dose (E6 CAR+ viable T-cells),D10 Total CAR+ viable T-cells achieved,D10_clump_bag_count,D3-D10 viability change (%),Day 1 Number of Mixing Cycles Post Activation,Day 3 Incubation Time (120min+/-30 min),Day 6 CO2 Saturation (%),Day 6 CO2 Saturation (%) dev_from_5.0pct,Day 6 IL-2 Protein Content (µg/vial),Day 6 Temperature (°C),Day 6 Temperature (°C) dev_from_37.0C,Day 8 IL-2 Protein Content (µg/vial),Endotoxin (EU/mL),Final Formulation CS5 Viability Average (%),Flow accuracy (effective),Harvest Post Wash Viability Average (%),Harvest Pre-Wash Cell Viability (%),Incubation D0-D1 (min),Incubation D1-D3,Incubation D6-D8 (min),Incubation D8-D10 (min),Incubation_total_D3_to_D10_min,Lactate_perE6_slope_D6_D10,Log (PE CD4:CD8),Mixing_cycles_x_pre_activation_clump_count,PT Total  CD3+ (Viable Cells),Post Thaw CD4:CD8 Ratio,Post Thaw FLOW CD3+ (%),Post Wash POS FLOW CD3+ (%),Post Wash POS Viability (%),Post formulation dose,Post-Massaging: Size of Clumps,Post-Mixing Clumps: Size of Clumps,Pre-Activation Clumps: # of Clumps before massage,Pre-Activation Clumps: Size of Clumps before massage,Recovery (%),Subject Weight (kg),Total CS5 cell concentration (E6 cells/mL),Total Viable Cells/bag,Vector_volume_cv_AB_mL,Vector_volume_max_AB_mL,Volume Vector Added to G-Rex A (mL),Volume per Bag (mL),cPDL (D3 to D10),total cells lost during LOVO wash (cells),Volume Vector Added to G-Rex B (mL),D3_clumps_flag,disposition_is_released
RA000,LV-102,,Yes,No,Yes,United States of America,Y,Raritan/500mL,,Memorial Sloan Kettering Cancer Center,MSKCC,MED-100,IL2-201,undergrowth,high CD4,B,INC-00,,2403483947,2695429048,2366041867.2,513929,25981948.5,-7.153043157138256,0.252282718971931,0.746,2.249,2.957,,105000000000.0,0.41,2.1,2,0.7711200000000001,35.7,43.1,2.16,92.50460896434726,31.17837737701787,15.07392710515576,59.75013733236672,45.44405101809021,74.4,1.205452316249492,3857.447411998373,,56.0595,66.5,22408231772.3145,1.557824963040931,37442072.79999971,,,0.0,5,-1.843317972350224,-9.200000000000003,60,0,60,0,60.0,0,1.021147999999997,1,94.4,6.306306306306316,51963897,0.0,17034132,3279070.41,,,20034707,4449708.424699999,1.246,1.543,31801638,42018950,-159,1.0,0.395,7.1,0.9,1.558752697116656,121.8845404715437,4.811245219168727,62.3212,69.4,27.1196,30.2,2.16,2.16,60,60.0,3.852406052073015,15,20,0.25,17.41011060768067,1035901581.157,2,8.050847457627128,3,60,4.63,0.3700000000000001,192.5,36.5,0.5,222.1,0.5,85.5,0.8283062645011602,85.2,86.8,67,-106,-226.0,-406,-791.0,4.026112567965528,0.3613525274977044,15,33696589131.3,0.6,84.3,89.8,88.8,6.910843350252102,3,2,5,4,97.0,59.5,37.19489824561403,5426987.083311,0.0,2.16,2.16,30,3.16,291945101,,,1
RA001,LV-103,,Yes,No,No,Israel,N,Raritan/500mL,,Rambam Health Care Campus,107306,MED-101,IL2-202,normal,low CD4,A,INC-01,Low,2496731183,2893884047,2505759405.9,498118,25961470.0,-7.072740880112661,0.3376188798872842,0.942,2.157,2.828,2.122,115000000000.0,0.4,2.0,4,0.78,40.0,37.0,1.95,123.1738804882523,42.20388911163726,19.38305113248888,57.4110403392133,43.26555857898798,72.7,1.217958767357935,4080.161870649081,121.356786946065,24.7878,29.3,9900426585.369598,-0.3616016918017191,-9028222.200000286,1.0,1.0,0.0,5,2.280501710376283,-2.899999999999991,11,1,7,1,5.0,1,1.099162000000007,1,92.6,0.8714596949891037,103845880,7703.0,14227424,2959304.192,2.85,0.975,20747913,3813466.4094,1.448,2.087,34467117,44664243,-159,2.0,0.445,7.4,1.4,3.288147353835256,128.5821110600478,4.864314742446814,55.9411,58.7,42.12260000000001,44.2,2.04,1.95,127,125.0,7.703943784216245,15,15,0.0,13.50570961564327,923790537.71,1,5.291576673866081,2,131,5.08,0.08000000000000007,208.0,36.44,0.5600000000000023,183.8,0.13,91.4,1.081081081081081,89.7,87.7,67,-106,-226.0,-406,-791.0,5.705209494787094,0.1232158318985226,10,33789851827.2,2.12,84.6,95.3,91.8,3.728898622807018,3,1,5,3,71.9,68.4,37.71019365426695,6159548.218954,0.04411764705882352,2.13,2.13,20,4.38,397152864,1.95,,0
RA002,LV-101,Many small,Yes,Yes,No,United States of America,N,Ghent/250mL,,XYZ,XYZ,MED-102,IL2-200,normal,high CD4,B,INC-02,Medium,2585750517,2873132308,2523974199.3,511666,26667612.75,-7.185682545246713,0.4065874730021599,1.142,2.054,2.78,2.042,120000000000.0,0.385,1.9,4,0.36803,24.7,26.5,1.49,149.7968725665268,52.66219399598621,22.23624228727717,54.68993454985035,40.31856945935692,72.9,1.367388987602574,4785.86145660901,138.8796597780583,36.1828,62.6,14844752344.7676,2.389106788163283,61776341.69999981,0.0,0.0,0.1666666666666666,5,10.47180667433831,10.2,38,0,46,0,50.0,0,1.590906000000004,1,85.8,-9.39809926082366,106670451,7912.5,15376926,2855495.1582,2.776,1.117,19733031,4712247.802800001,1.737,2.675,34622417,46091810,-159,3.0,0.42,7.3,0.25,-4.84690005095192,141.8033672612424,4.961468629888275,36.99760000000001,44.9,40.4584,49.1,2.145,2.09,74,70.0,4.481756491980254,10,12,0.0,7.197729905514706,685223887.005,2,-1.282051282051292,5,82,4.77,0.2300000000000004,185.7,36.76,0.240000000000002,238.8,0.24,90.9,0.9320754716981132,96.0,86.9,67,-106,-226.0,-406,-791.0,7.606487927177261,-0.03883515111964531,30,23713661892.6,0.68,57.8,82.4,94.7,1.927508509453781,2,1,6,2,82.5,95.2,38.08846754675467,6346235.593409,0.02564102564102572,2.2,2.2,20,4.08,287381791,2.09,1.0,1
RA003,LV-102,Few small,Yes,Yes,No,United States of America,Y,Raritan/500mL,deviation,Memorial Sloan Kettering Cancer Center,MSKCC,MED-103,IL2-201,normal,low CD4,F,INC-03,High,3035483578,3469201873,3148438225.4,575841,29111952.0,-6.600381880783146,0.5086839058278657,1.318,1.859,2.591,,105000000000.0,0.41,2.1,2,0.8877300000000001,38.1,43.5,2.33,148.815167432302,50.63899541322151,23.76858830292947,46.72565424346757,33.52489048190127,79.3,1.285039216882468,4112.125494023898,,20.2554,29.7,9071911277.648998,-3.721141498539472,-112954639.4000001,2.0,2.0,0.7777777777777778,2,3.928170594837262,-3.200000000000003,33,0,21,1,15.0,1,10.902674,0,95.8,4.01737242128122,58223904,0.0,21773405,5155942.304,,,17373119,3405131.324,2.402,2.808,39702878,49762026,-159,4.0,0.395,7.1,0.9,1.558752697116656,129.9316998963256,4.874675812400821,46.9482,50.7,54.3562,58.7,2.58,2.58,141,135.0,10.92141064272277,4,9,-1.0,15.57117165601415,1320435356.43,2,6.993736951983302,5,153,4.98,0.01999999999999957,236.8,36.92,0.0799999999999983,196.0,0.1,85.2,0.8758620689655173,92.6,89.1,67,-106,-226.0,-406,-791.0,6.71760177757301,-0.0636301419142785,45,30545155817.0,2.19,68.2,92.6,92.1,6.109935824292452,2,1,9,1,84.3,84.8,46.5996220657277,4958645.296972,0.0,2.58,2.58,30,4.65,433718295,,1.0,0
RA004,LV-103,Few small,Yes,No,Yes,Israel,N,Raritan/500mL,withdrawal,Rambam Health Care Campus,107306,MED-100,IL2-202,undergrowth,medium CD4,D,INC-04,,2178544811,2431281554,2159412256.8,412009,21473551.0,-8.954329423777352,0.3246962115796998,0.931,2.045,2.891,2.086,115000000000.0,0.4,2.0,4,1.11607,47.9,45.5,2.33,154.1978311966246,54.88728889114034,22.21162670717194,68.40740949550587,50.49875064795117,61.2,1.60965459322494,5392.342887303549,162.5207216347216,29.064,42.0,9601650642.864,0.8782256274702253,19132538.69999981,0.0,0.0,0.4444444444444444,5,-1.805869074492093,-3.200000000000003,16,1,32,0,40.0,0,18.19599599999999,0,90.2,-4.751847940865892,85894204,6371.5,19571924,4014201.6124,2.705,0.886,20449934,4000007.0904,1.624,2.245,35284514,46253605,-159,5.0,0.445,7.4,1.4,3.288147353835256,167.8626586808302,5.129085713999734,55.1457,63.9,32.794,38.0,2.23,2.16,88,80.0,6.935204625759865,15,9,-2.0,14.00053515543785,991237889.005,2,1.773835920177393,4,104,4.65,0.3499999999999996,205.1,36.54,0.4600000000000009,195.6,0.5,91.1,1.052747252747253,87.0,88.6,67,-106,-286.0,-346,-791.0,8.1689155459921,0.22571726154159,36,22861072959.2,0.67,69.2,86.3,94.7,6.802734690677967,3,1,9,1,72.9,70.8,38.7316289791438,4188518.646667,0.03139013452914791,2.3,2.3,30,3.93,252736743,2.16,1.0,1
RA005,LV-101,Few small,No,No,Yes,United States of America,N,Ghent/250mL,Withdrawal,XYZ,XYZ,MED-101,IL2-200,normal,high CD4,E,INC-05,Low,3103434542,3447199057,3111814734.9,564667,29429942.5,-6.685155753024283,0.4681751287711552,1.219,1.955,2.753,1.982,120000000000.0,0.385,1.9,4,0.3733799999999999,25.4,26.2,1.47,148.3310742799117,51.46544188785873,22.70009525209714,48.48633312000001,35.11602161395145,85.7,1.256373504637326,4397.307266230642,131.2632046852393,42.77160000000001,65.4,19365626587.7736,-0.2700288865194644,-8380169.799999714,6.0,3.0,1.0,0,5.875706214689268,1.799999999999997,55,0,35,0,25.0,1,12.11406700000001,0,91.9,-0.5411255411255411,117719770,8732.0,15569608,3563883.2712,2.683,1.326,20449532,3744309.3092,2.062,2.885,36310557,47093089,-159,6.0,0.42,7.3,0.25,-4.84690005095192,126.7412317845983,4.850006590991274,33.7952,35.8,25.6768,27.2,2.175,2.17,155,145.0,8.211459774968795,0,24,0.5,10.69868223689474,813099850.004,1,3.699673558215458,5,175,4.92,0.08000000000000007,228.9,36.91,0.09000000000000341,183.1,0.45,85.3,0.9694656488549618,93.7,88.5,67,-106,-286.0,-346,-791.0,7.191336658940399,0.1193141226096757,30,29611049828.4,2.22,65.4,94.4,92.4,2.503517351052632,2,2,6,4,87.8,76.0,42.56806213364596,6996657.468754,0.002298850574712697,2.18,2.17,20,4.97,343764515,2.18,1.0,0
RA006,LV-102,,No,Yes,Yes,United States of America,Y,Raritan/500mL,Termination,Memorial Sloan Kettering Cancer Center,MSKCC,MED-102,IL2-201,normal,medium CD4,E,INC-06,Medium,3249210199,3604574308,3318862222.7,685374,34649461.0,-5.606147841118679,0.4410143329658214,1.2,1.981,2.721,,105000000000.0,0.41,2.1,2,0.39713,26.3,27.0,1.51,118.0927466856189,40.86427223647859,18.18210110633085,41.2279142586052,30.01561857636785,96.1,0.8369538562230449,2678.252339913744,,28.7896,42.4,15346832543.8792,-2.143659417069473,-69652000.89999962,3.0,3.0,0.625,3,-12.76595744680851,-5.299999999999997,54,0,18,1,30.0,1,31.99794600000001,0,87.3,-6.027987082884831,69298922,0.0,19722687,3613196.2584,,,20148411,3719396.6706,1.836,2.697,34535507,43967662,-159,7.0,0.395,7.1,0.9,1.558752697116656,84.62532865267723,4.449981134854466,55.9411,58.7,37.167,39.0,2.0,2.0,102,90.0,7.215159623861113,6,8,-1.0,13.13303523547904,877286753.73,2,-7.674684994272626,4,66,4.63,0.3700000000000001,183.2,37.54,0.5399999999999991,184.6,0.94,86.6,0.9740740740740741,82.0,94.0,67,-106,-286.0,-346,-791.0,5.670542782536935,0.1775734942211153,32,36195359773.3,1.36,67.9,95.3,92.9,4.187688723053893,2,1,8,1,81.4,66.8,39.87933833718245,6935933.103565,0.0,2.0,2.0,30,4.74,355364109,,,1
RA007,LV-103,,No,Yes,Yes,Israel,N,Raritan/500mL,,Rambam Health Care Campus,107306,MED-103,IL2-202,normal,medium CD4,D,INC-07,High,2465306175,2722262665,2398625091.5,511195,26643023.0,-7.320396822652206,0.3785948307244266,1.086,1.976,2.674,2.032,115000000000.0,0.4,2.0,4,0.52976,30.8,32.0,1.72,137.698339156645,48.35599946914807,20.49317010917441,54.12955604798279,39.48876240267838,73.7,1.189711092468749,3985.532159770308,124.9229745987344,44.34180000000001,56.2,18175378306.8462,2.704779619105125,66681099.4000001,1.0,1.0,0.5,2,6.76605504587155,2.899999999999991,17,1,49,0,35.0,0,1.497230000000002,1,90.2,0.6696428571428668,106572092,7905.0,20310574,4060083.7426,2.82,0.994,15534541,3063411.4852,1.785,2.454,32545795,43479827,-159,8.0,0.445,7.4,1.4,3.288147353835256,119.4106317776871,4.790907832777558,55.3847,62.3,40.62730000000001,45.7,2.045,2.03,169,155.0,8.146293593650366,4,4,-1.0,8.640722628696604,788897976.0,2,3.325942350332594,6,137,4.64,0.3600000000000003,199.9,36.73,0.2700000000000031,197.2,0.28,85.8,0.9625,93.1,87.2,67,-106,-286.0,-346,-791.0,6.965707339993417,0.1345718465893193,24,32340530795.1,1.97,78.9,88.9,89.6,3.422120832420591,2,1,4,1,78.7,91.3,37.932162004662,4645172.927424,0.007334963325183435,2.06,2.03,30,4.67,256956490,2.06,,0
RA008,LV-101,,No,Yes,Yes,United States of America,N,Ghent/250mL,,XYZ,XYZ,MED-100,IL2-200,normal,low CD4,E,INC-08,,2567046422,3017489122,2618211341.2,455974,23764956.5,-8.035728960683226,0.448438088069251,1.258,1.906,2.673,1.953,120000000000.0,0.385,1.9,4,0.62608,34.4,34.6,1.82,186.5172772922295,66.93679381682523,26.32184482928952,58.69671985851638,42.62526193714993,67.6,1.50578857571231,5270.260014993085,161.807471478637,18.4832,30.4,6757729900.288,-1.993144226776502,-51164937.19999981,1.0,1.0,-0.3333333333333333,4,-7.006369426751601,-7.300000000000011,32,0,4,1,20.0,1,9.466831999999997,0,94.9,6.152125279642058,95059826,7051.0,18219189,4130290.1463,2.641,1.125,16792770,3115058.835,2.06,3.03,38730937,49366277,-159,9.0,0.42,7.3,0.25,-4.84690005095192,147.5506088377199,5.000925700437544,36.5615,41.5,45.9001,52.1,2.105,2.04,116,100.0,9.3751640984779,12,9,0.0,12.15045228470588,888198062.012,2,0.7376185458377269,5,88,4.96,0.04000000000000004,226.7,37.44,0.4399999999999977,185.5,0.5,89.3,0.9942196531791907,87.6,94.2,67,-106,-286.0,-346,-791.0,10.15373724688393,-0.09878962658743176,15,22229374672.0,1.91,60.8,88.1,89.4,5.499687087004103,3,1,3,3,76.8,73.1,43.37170996640538,3724044.453361,0.03087885985748216,2.17,2.04,30,4.76,450442700,2.17,,1
RA010,LV-103,,Yes,No,No,Israel,N,Raritan/500mL,deviation,Rambam Health Care Campus,107306,MED-102,IL2-202,overgrowth,low CD4,D,INC-00,Medium,2857769431,3276091533,2793647658.6,548269,28575289.25,-5.85164679074148,0.6588425738567382,1.575,1.851,2.484,1.817,115000000000.0,0.4,2.0,4,0.56202,32.3,32.2,1.74,164.3605406278597,52.26981199265155,29.91045832127828,45.39849048641194,33.69519690492898,77.4,1.168929549855738,3915.913992016721,122.1298304299532,18.6615,31.9,8203965550.8525,2.243769289194048,64121752.39999962,2.0,2.0,0.7777777777777778,2,6.549707602339175,2.899999999999991,10,1,50,0,10.0,1,8.858244999999997,0,88.2,-9.908069458631259,114301157,8478.5,14203143,2697176.8557,2.458,1.681,15059784,3468268.2552,2.69,2.845,36093639,48029738,-159,11.0,0.445,7.4,1.4,3.288147353835256,117.9174347959931,4.778429427059647,36.20039999999999,38.8,29.9493,32.1,2.155,2.15,70,110.0,15.29653087176172,4,27,0.3333333333333334,16.55039130902878,920201756.7820001,1,3.061224489795921,2,110,4.98,0.01999999999999957,189.9,37.25,0.25,230.3,0.35,94.9,1.003105590062112,91.1,85.5,67,-106,-286.0,-346,-791.0,5.589838417843316,0.08232669318933514,18,25717760347.5,1.82,58.5,93.3,97.9,4.180630128776979,2,1,9,3,80.2,55.6,38.03333930453108,6410148.39369,0.002320185614849241,2.16,2.15,20,5.57,418322102,2.16,,1
RA011,LV-101,,Yes,No,No,United States of America,N,Ghent/250mL,withdrawal,XYZ,XYZ,MED-103,IL2-200,normal,low CD4,E,INC-01,High,3196501765,3579038165,3220323026.4,613891,31995455.0,-5.64044953997232,0.4818751186183335,1.263,1.941,2.65,1.953,120000000000.0,0.385,1.9,4,0.43407,27.3,27.4,1.59,131.1537837759963,44.74619896874041,20.83069291925777,43.22840527434786,31.94750619440322,90.9,1.131723240066441,3961.031340232542,121.8457348291472,20.502,33.5,10091858801.544,-0.7452290673708479,-23821260.29999971,1.0,1.0,0.5555555555555556,4,3.432494279176201,4.700000000000003,1,1,17,1,55.0,0,21.88744800000001,0,85.7,-10.54279749478079,127981820,9493.0,16817765,3568729.733,2.619,1.276,14874453,3022488.8496,2.118,2.727,35427096,45729639,-159,12.0,0.42,7.3,0.25,-4.84690005095192,110.669213765076,4.715541052733318,31.29940000000001,34.7,29.9464,33.2,2.13,2.06,137,175.0,6.114556233280179,8,27,0.3333333333333334,14.74480612138047,875841483.61,1,-1.983663943990668,5,121,5.39,0.3899999999999997,212.2,37.1,0.1000000000000014,203.2,0.97,89.1,0.9963503649635037,90.4,87.4,67,-106,-286.0,-346,-791.0,5.97887651237066,0.01919139108683738,45,30124951646.4,1.04,61.2,90.2,95.8,3.268358351515151,2,1,9,3,85.6,59.4,39.76105050505051,6742941.237888,0.03286384976525825,2.2,2.06,20,4.48,382536400,2.2,,0
RA012,LV-102,,Yes,No,Yes,United States of America,Y,Raritan/500mL,Withdrawal,Memorial Sloan Kettering Cancer Center,MSKCC,MED-100,IL2-201,undergrowth,low CD4,C,INC-02,,3140134831,3460649500,3162683888.0,568482,28739928.0,-6.046466087180178,0.2433081674673988,0.709,2.252,2.914,,105000000000.0,0.41,2.1,2,1.1092,47.0,46.4,2.36,81.3989513126129,27.7479818321048,12.95149382420165,53.23082229016023,41.13789011579987,72.8,0.9989586612743079,3196.667716077785,,29.874,39.0,13208870895.012,-0.7180924807783794,-22549072.0,6.0,3.0,1.0,0,3.172737955346654,0.7999999999999972,48,0,36,0,60.0,0,9.485439999999997,0,87.0,-3.867403314917127,57479856,0.0,14700609,3151810.5696,,,16362913,3758561.1161,1.407,1.519,43443460,56073836,-159,13.0,0.395,7.1,0.9,1.558752697116656,101.0058365964094,4.625030033180606,46.1242,54.2,30.1254,35.4,1.98,1.98,84,60.0,3.923650966563844,0,27,0.0,15.92374384244809,1457022561.584,2,2.183908045977018,6,72,5.0,0.0,214.4,36.98,0.02000000000000313,229.7,0.5,94.3,1.012931034482759,87.8,85.1,67,-106,-286.0,-346,-791.0,3.699122001975788,0.1849960245125992,54,33868899730.8,2.02,76.6,85.1,90.5,6.609103422950819,3,2,9,3,79.1,91.5,46.06941675503712,4406607.258712,0.0,1.98,1.98,30,3.08,320514669,,,1
RA013,LV-103,Few small,Yes,Yes,No,Israel,N,Raritan/500mL,Termination,Rambam Health Care Campus,107306,MED-101,IL2-202,normal,high CD4,D,INC-03,Low,2188865988,2463243113,2083183634.0,395759,20626627.0,-9.640148588350723,0.3299699061780846,0.979,2.073,2.812,2.061,115000000000.0,0.4,2.0,4,0.6510000000000001,37.2,34.7,1.75,164.2706771992491,58.41357362446183,23.72176497516271,71.8906922450076,52.61039506830615,58.1,1.491639907969442,4996.993691697629,160.5775231896179,51.5955,64.9,16372940509.5465,4.82817798345961,105682345.3000002,0.0,0.0,0.7777777777777778,2,10.17964071856287,1.599999999999994,23,1,31,0,5.0,1,21.42237299999999,0,90.4,-7.377049180327858,82506508,6120.0,17691182,4077817.451,2.837,0.885,21636572,4333805.3716,1.736,2.295,35855140,48967919,-159,14.0,0.445,7.4,1.4,3.288147353835256,145.8827104968395,4.989634380520262,51.3,54.0,49.59,52.2,1.985,1.92,151,125.0,7.906326685954942,4,36,0.5,9.675624176254779,759536497.8360001,2,7.632743362831865,3,143,4.91,0.08999999999999986,230.5,37.22,0.2199999999999989,200.3,0.74,94.5,1.072046109510086,92.0,83.5,67,-106,-286.0,-346,-791.0,8.67295216232478,0.01472325682070629,27,25227951478.5,2.09,79.5,95.0,97.6,4.754802642038217,2,2,9,4,85.6,78.5,37.94194708994709,6453969.275843,0.03274559193954658,2.05,1.92,30,4.51,274377125,2.05,1.0,0
RA014,LV-101,Many small,Yes,Yes,No,United States of America,N,Ghent/250mL,,XYZ,XYZ,MED-102,IL2-200,normal,medium CD4,F,INC-04,Medium,2146295976,2504201820,2078775112.2,401816,20942263.75,-8.316615286237212,0.463555224990703,1.213,2.01,2.7,2.041,120000000000.0,0.385,1.9,4,1.11155,47.3,44.9,2.35,185.4348252367647,61.46899979458524,31.24841282379711,67.41033460344197,50.77710403096754,56.2,1.684392882311971,5895.375088091898,181.0779063053736,28.1055,45.7,9055273664.685001,3.145924665425027,67520854.20000005,3.0,3.0,0.0,2,1.746216530849825,-4.599999999999994,26,1,22,1,50.0,0,20.219948,0,92.0,1.545253863134664,83769055,6213.5,17130637,3977733.9114,2.678,1.28,17859034,3718250.8788,1.781,2.452,36988881,49682777,-159,15.0,0.42,7.3,0.25,-4.84690005095192,164.975630246015,5.111840971832627,45.37839999999999,52.4,49.18879999999999,56.8,2.075,2.01,98,70.0,13.49906286070692,4,4,0.0,13.9664767133913,963686893.224,2,6.630434782608689,3,94,4.88,0.1200000000000001,232.2,36.76,0.240000000000002,208.2,0.99,85.4,1.053452115812918,87.4,85.9,67,-106,-286.0,-346,-791.0,7.555146742697032,-0.03501704872729222,6,19814603205.0,1.54,61.5,86.6,90.6,7.220872856086956,2,1,2,2,93.2,69.0,43.31250702576112,5170841.372221,0.03132530120481936,2.14,2.01,30,4.91,357905844,2.14,1.0,1
RA015,LV-102,Few small,No,No,Yes,United States of America,Y,Raritan/500mL,,Memorial Sloan Kettering Cancer Center,MSKCC,MED-103,IL2-201,undergrowth,low CD4,F,INC-05,High,2506244767,2923669940,2545968370.4,492999,24923821.0,-7.414593415398699,0.2706995606623859,0.801,2.255,2.959,,105000000000.0,0.41,2.1,2,0.9975,39.9,49.4,2.5,102.2034296918025,34.22930198870138,16.87241285719988,62.32892589819532,47.49973906739792,72.8,1.169363236880894,3741.96235801886,,29.127,36.5,11168555970.054,-1.584984626417835,-39723594.4000001,0.0,0.0,0.5,4,-0.5767012687427913,0.2999999999999972,45,0,45,0,15.0,1,5.052109999999999,0,85.9,-7.73361976369494,49847642,0.0,16785007,3110261.797100001,,,18437623,4065495.8715,1.078,1.625,34972093,44754371,-159,16.0,0.395,7.1,0.9,1.558752697116656,118.2355339463163,4.781100813783686,33.3696,35.2,36.024,38.0,2.01,2.01,165,135.0,5.786066670377111,12,24,0.0,12.09067299705078,1238084914.898,1,-0.9313154831199035,4,165,5.12,0.1200000000000001,185.3,36.59,0.4099999999999966,220.5,0.41,94.0,0.8076923076923077,86.2,86.7,67,-106,-286.0,-346,-791.0,4.339222282875375,-0.03324093313867909,32,30598783479.6,1.95,79.8,94.8,93.1,3.374260535546874,3,2,8,3,91.4,102.4,37.20435425531915,6559455.686885,0.0,2.01,2.01,20,3.55,417425173,,1.0,0
RA016,LV-103,,Yes,No,Yes,Israel,N,Raritan/500mL,,Rambam Health Care Campus,107306,MED-100,IL2-202,undergrowth,medium CD4,A,INC-06,,2798482131,3236344724,2760468047.7,519671,27084806.25,-7.026540960653559,0.3002793296089386,0.8,2.107,2.81,2.171,115000000000.0,0.4,2.0,4,0.49536,28.8,32.0,1.72,117.8520525262721,42.25616357027521,16.66986269286086,55.51451947948082,41.46143755817371,75.9,1.147414521379491,3843.838646621295,108.5686905753833,39.447,48.7,16437143882.169,1.358383087006531,38014108.29999971,0.0,0.0,1.0,0,1.467268623024844,-2.099999999999994,4,1,8,1,40.0,0,3.180214000000007,1,92.0,-3.563941299790362,108339225,8036.0,17884657,4179644.3409,2.918,0.92,21958336,5024067.2768,1.359,2.18,36369803,47919215,-159,17.0,0.445,7.4,1.4,3.288147353835256,126.7212077432649,4.849849823981522,49.5075,57.5,49.2492,57.2,2.005,1.82,112,80.0,4.87750654998496,0,12,0.0,10.66088430857143,895514281.92,2,3.69565217391305,6,116,4.95,0.04999999999999982,233.7,36.49,0.509999999999998,228.8,0.5,94.1,0.9,89.9,88.6,67,-106,-286.0,-346,-791.0,6.396575219353585,0.002271815896606271,36,33751835487.0,1.47,81.0,86.1,95.4,2.771032609523809,2,2,6,2,90.0,84.0,38.65016259298619,5394012.633778,0.09226932668329174,2.19,2.19,20,3.93,437862593,1.82,,1
RA017,LV-101,,Yes,No,No,United States of America,N,Ghent/250mL,deviation,XYZ,XYZ,MED-101,IL2-200,normal,medium CD4,A,INC-07,Low,2974790850,3467440729,2981256610.9,576064,30023931.75,-6.251263203247113,0.4122935779816514,1.16,1.992,2.762,2.028,120000000000.0,0.385,1.9,4,0.89621,41.3,41.9,2.17,126.616494698496,43.66266914267982,19.64557820656819,47.64948875202343,35.1469623455292,84.1,1.166402864608164,4082.410026128573,119.2228641262082,42.7734,53.4,19757317603.6962,-0.217352320240463,-6465776.899999619,0.0,0.0,0.8181818181818181,2,-10.37037037037037,-3.0,7,1,59,0,25.0,1,14.37688300000001,0,87.7,-5.393743257820927,120095727,8908.0,20375090,4612920.376,2.688,1.087,16521592,3416665.2256,1.737,2.497,35448949,45978220,-159,18.0,0.42,7.3,0.25,-4.84690005095192,120.2263083451202,4.797659115633693,29.6351,31.9,54.81100000000001,59.0,2.06,2.02,179,145.0,11.5116453717574,2,22,0.5,19.4452007199688,1246437366.15,1,-7.753705815279358,5,127,4.76,0.2400000000000002,226.4,37.3,0.2999999999999972,206.8,1.13,86.5,0.9856801909307875,84.7,94.5,67,-106,-286.0,-346,-791.0,6.004272734027906,-0.2670613285849631,55,36998722104.3,2.03,80.1,92.9,92.7,4.634355579095164,1,2,11,2,86.7,64.1,40.98144393063584,3264570.072238,0.01941747572815536,2.1,2.1,20,4.78,492649879,2.02,,0
RA018,LV-102,Many small,Yes,Yes,No,United States of America,Y,Raritan/500mL,withdrawal,Memorial Sloan Kettering Cancer Center,MSKCC,MED-102,IL2-201,normal,medium CD4,D,INC-08,Medium,2903997196,3258467283,2908928132.5,585107,29580413.5,-5.954531340668499,0.3972804116133775,1.081,2.05,2.721,,105000000000.0,0.41,2.1,2,0.6863199999999999,37.3,35.6,1.84,134.8155590572814,48.22194233262687,19.18583719601385,48.29293525472127,36.38387257338427,84.5,1.078416297324579,3450.932151438654,,34.6632,42.9,15774642924.612,-0.169798114819119,-4930932.5,0.0,0.0,0.0,5,12.51475796930342,9.399999999999991,42,0,54,0,30.0,1,12.68729,0,85.9,-11.80698151950719,59160827,0.0,16839797,3615504.415899999,,,18343571,3562321.4882,1.805,2.717,34425185,44676880,-219,19.0,0.395,7.1,0.9,1.558752697116656,109.0398850124849,4.700842891094767,52.28100000000001,55.5,34.7598,36.9,2.2,2.2,66,90.0,9.848808139059201,5,10,0.5,16.541168028416,1033823001.776,2,1.396973224679864,2,78,4.89,0.1100000000000003,214.7,36.91,0.09000000000000341,194.2,0.87,92.2,1.047752808988764,95.3,84.7,67,-106,-226.0,-346,-791.0,7.259026284153253,0.1772666169636159,10,36770729428.0,0.76,80.8,94.2,97.4,3.9217170752,1,2,5,2,79.6,62.5,37.33751084598698,4017024.347175,0.0,2.2,2.2,20,4.79,354470087,,1.0,1
RA020,LV-101,Many small,Yes,Yes,No,United States of America,N,Ghent/250mL,Termination,XYZ,XYZ,MED-100,IL2-200,normal,medium CD4,F,INC-00,,1837151417,2154570405,1869530481.0,393997,20534744.25,-9.376486407987194,0.4472268595807827,1.257,1.956,2.683,1.968,120000000000.0,0.385,1.9,4,1.04653,45.7,44.0,2.29,185.8934769528968,62.12641300997652,30.82032546647188,68.91429887588136,50.16132605990697,54.6,1.879253986813106,6577.38895384587,195.889816419922,38.42080000000001,47.2,12137866094.112,-1.762461221214539,-32379081.0,0.0,0.0,0.8181818181818181,2,-0.4259850905218378,-1.5,20,1,40,0,20.0,1,21.772403,0,95.0,7.466063348416283,82138977,6092.5,21875785,4992054.137,2.708,1.154,19560988,3961100.07,1.755,2.43,34240485,43741700,-219,21.0,0.42,7.3,0.25,-4.84690005095192,190.0133437720037,5.252343288286994,55.66049999999999,65.1,29.1555,34.1,2.27,2.27,80,100.0,11.27906387646188,2,22,0.5,12.17389493192771,808346623.48,2,1.157894736842099,6,100,4.6,0.4000000000000004,228.2,37.13,0.1300000000000026,202.5,0.5,86.1,1.038636363636364,93.5,93.9,67,-106,-226.0,-346,-791.0,7.826521885876159,0.2808266095756942,66,25715817996.0,1.52,81.4,85.5,88.4,4.537895602409638,1,2,11,2,74.4,66.4,39.76827526132404,6462272.744884,0.0,2.27,2.27,20,4.68,317418988,2.27,1.0,1
RA021,LV-102,,Yes,Yes,No,United States of America,Y,Raritan/500mL,,Memorial Sloan Kettering Cancer Center,MSKCC,MED-101,IL2-201,undergrowth,medium CD4,C,INC-01,Low,2748673902,3082610374,2716211688.0,517338,26154312.0,-6.925244316095693,0.3023336816440265,0.868,2.181,2.871,,105000000000.0,0.41,2.1,2,0.6222,34.0,34.9,1.83,111.4061042154524,38.27953887186806,17.42351323585815,57.63007661307458,43.77958798088319,69.6,1.258492289913801,4027.175327724162,,40.0803,55.9,16127271874.6893,1.18101311157834,32462199.0,6.0,3.0,0.5555555555555556,4,-0.8264462809917389,-1.599999999999994,51,0,27,1,45.0,0,0.3645259999999979,1,85.6,-9.032943676939427,52308624,0.0,15829165,3610632.5365,,,15277021,3409831.0872,1.476,1.907,39026030,51377082,-219,22.0,0.395,7.1,0.9,1.558752697116656,127.2475634884737,4.853962485729856,32.712,34.8,54.332,57.8,2.27,2.27,147,165.0,4.894966347828739,12,9,-2.0,12.20467165137405,959287191.798,2,1.051401869158868,4,171,5.15,0.1500000000000004,228.1,37.24,0.240000000000002,223.2,0.97,87.4,0.9742120343839542,84.0,84.7,67,-106,-226.0,-346,-791.0,5.214006409002479,-0.2203485944739481,36,28850218022.7,1.06,71.7,94.0,94.1,5.198505522900764,3,2,9,1,74.5,78.6,44.65220823798627,6506080.942617,0.0,2.27,2.27,30,3.81,333936472,,,0
RA022,LV-103,Few small,Yes,No,Yes,Israel,N,Raritan/500mL,,Rambam Health Care Campus,107306,MED-102,IL2-202,overgrowth,low CD4,D,INC-02,Medium,2683003411,3110124829,2673783924.0,569990,29707416.75,-5.853967449343145,0.5485881207400195,1.319,1.913,2.531,1.897,115000000000.0,0.4,2.0,4,0.6066,33.7,34.4,1.8,147.7939012191901,49.0054392061239,24.89151140347116,45.37377034321064,33.66583544452435,84.0,1.048728008301159,3513.238827808883,109.8615765188863,23.6472,33.4,10807649579.2488,0.3436267155117082,9219516.599999905,0.0,0.0,-1.5,5,-1.569506726457405,-4.700000000000003,58,0,26,1,10.0,1,13.171111,0,92.5,-0.5376344086021506,118829667,8814.5,14056995,3188126.466,2.604,1.498,21102540,4693204.896,1.999,2.773,31830761,41532561,-219,23.0,0.445,7.4,1.4,3.288147353835256,105.5105433963163,4.668243979275844,48.16629999999999,55.3,44.8565,51.5,2.01,2.0,94,110.0,13.36585728742068,5,6,0.6666666666666667,11.01376101890215,922953173.384,2,3.567567567567564,5,62,4.76,0.2400000000000002,226.8,36.41,0.5900000000000034,222.4,0.31,90.5,0.9796511627906977,87.8,89.2,67,-106,-226.0,-346,-791.0,6.028481950663187,0.03091790226350725,10,32358232273.2,2.15,70.8,87.1,93.0,2.613313074940335,1,1,2,3,90.8,83.8,35.17211160220994,6588209.245969,0.004975124378109458,2.02,2.0,20,5.28,427121418,2.02,1.0,1
RA023,LV-101,Few small,Yes,No,Yes,United States of America,N,Ghent/250mL,,XYZ,XYZ,MED-103,IL2-200,normal,medium CD4,C,INC-03,High,2670106610,2962199323,2820757791.6,507422,26446368.0,-7.082021591897707,0.4386321626617375,1.194,1.968,2.693,2.015,120000000000.0,0.385,1.9,4,0.43358,26.6,30.1,1.63,160.3802451042511,56.63632123807753,23.55380131404801,53.69829966666656,39.53425648287115,68.4,1.359543964600356,4758.403876101247,156.7925710749632,35.178,53.3,14312774467.134,-5.642141234089904,-150651185.8000002,2.0,1.0,0.4285714285714286,4,-7.367280606717223,-6.200000000000003,13,1,41,0,55.0,0,0.748069000000001,1,91.7,-5.658436213991769,105785472,7846.5,14881815,2933205.7365,2.717,1.179,18977696,3590580.0832,2.172,2.853,41239149,50762483,-219,24.0,0.42,7.3,0.25,-4.84690005095192,122.8410578935798,4.818998952227248,29.2336,30.2,40.5592,41.9,2.115,1.89,161,175.0,7.662607411527375,4,28,0.75,13.80931425446735,803702089.61,2,-0.654307524536526,2,133,4.62,0.3799999999999999,197.1,37.17,0.1700000000000017,189.2,0.92,87.9,0.8837209302325582,85.5,92.3,67,-106,-226.0,-346,-791.0,8.270629981007378,-0.1422070800091447,14,26853235398.0,1.5,66.0,96.8,97.2,4.265630188659793,1,2,7,4,88.9,58.2,46.91598293515358,6434425.138886,0.1063829787234043,2.34,1.89,20,4.67,292092713,2.34,1.0,0
RA024,LV-102,Many small,Yes,No,No,United States of America,Y,Raritan/500mL,deviation,Memorial Sloan Kettering Cancer Center,MSKCC,MED-100,IL2-201,normal,low CD4,B,INC-04,,2726820793,3114160618,2665400046.2,553405,27977702.5,-6.652172374318134,0.4328686720469552,1.18,2.017,2.726,,105000000000.0,0.41,2.1,2,1.12484,46.1,46.6,2.44,156.7248058400707,56.21976991102152,22.14263300901382,51.15323523946751,37.84889049083124,75.8,1.07281861332252,3433.019562632064,,27.606,32.1,11882345566.776,2.252466687400098,61420729.5999999,0.0,0.0,1.0,0,-9.090909090909086,-6.599999999999994,36,0,12,1,60.0,0,6.581723999999994,0,92.6,-3.742203742203751,55955405,0.0,18272323,3910277.122,,,14896719,2952529.7058,1.943,2.996,35163589,46772226,-219,25.0,0.395,7.1,0.9,1.558752697116656,108.4739024764865,4.695686187302533,48.308,52.0,44.4062,47.8,2.07,2.07,108,60.0,8.159053836600073,0,24,0.6666666666666667,18.99399834884903,1270698489.538,1,-2.159827213822894,6,84,4.99,0.009999999999999787,214.0,37.01,0.00999999999999801,198.2,0.5,93.8,0.9892703862660944,86.0,94.6,67,-106,-226.0,-346,-791.0,8.519284225501924,0.03657544702268035,48,37016652856.0,2.29,86.0,92.9,96.2,4.898724207473841,1,2,8,3,76.6,66.9,37.48783475479745,5897642.680449,0.0,2.07,2.07,20,4.13,387339825,,1.0,1
RA025,LV-103,Few small,No,Yes,No,Israel,N,Raritan/500mL,withdrawal,Rambam Health Care Campus,107306,MED-101,IL2-202,normal,high CD4,D,INC-05,Low,2695891636,3195767199,2644701774.4,504557,26297067.0,-6.79781132036824,0.5102514506769826,1.254,1.974,2.56,1.834,115000000000.0,0.4,2.0,4,0.9392499999999999,42.5,42.8,2.21,172.051506487323,59.69296871630261,26.33278452735891,51.60746626476329,38.01184362402681,78.4,1.172944496053495,3929.364061779209,129.0240745842393,43.4265,65.5,17569070526.1695,1.898809336187386,51189841.69999981,3.0,3.0,0.7272727272727273,3,7.11656441717791,-1.700000000000003,35,0,55,0,5.0,1,0.1793030000000044,1,89.0,-1.439645625692134,105188268,7802.5,15451443,3187632.6909,2.61,1.384,15078576,2748824.4048,2.203,2.99,33733441,44707987,-219,26.0,0.445,7.4,1.4,3.288147353835256,112.0420176791077,4.727759587465982,51.4866,63.8,25.824,32.0,1.99,1.88,175,125.0,10.30792972627099,9,44,0.25,14.71736760469388,1153841620.208,1,8.426966292134832,2,155,5.39,0.3899999999999997,206.3,37.6,0.6000000000000014,182.3,0.78,88.9,0.9929906542056075,87.3,81.5,67,-106,-226.0,-346,-791.0,8.340046047235925,0.2996707004012563,22,26823008436.9,1.4,66.3,80.7,90.3,5.524711510714285,3,1,11,4,96.8,78.4,37.9453779527559,4360682.895026,0.05527638190954779,2.1,1.88,30,4.59,499875563,2.1,1.0,0
RA026,LV-101,Few small,No,Yes,No,United States of America,N,Ghent/250mL,Withdrawal,XYZ,XYZ,MED-102,IL2-200,normal,high CD4,A,INC-06,Medium,2457024673,2789765515,2598805270.8,489178,25495534.75,-7.011521866058988,0.3990174672489083,0.988,2.039,2.759,2.095,120000000000.0,0.385,1.9,4,1.3797,51.1,53.4,2.7,174.9276894336891,64.88489104244312,22.57895367440142,56.58637911286375,42.56333538074577,71.6,1.440252199456221,5040.882698096771,143.8740090519197,53.2416,70.8,20883431889.1584,-5.770418934024495,-141780615.8999996,0.0,0.0,0.5,3,5.834305717619603,2.700000000000003,14,1,58,0,50.0,0,2.874153000000007,1,88.0,-7.563025210084036,101982139,7564.5,15001920,3346928.352,2.737,1.205,17009855,3119607.407,1.835,3.151,36296163,44592099,-219,27.0,0.42,7.3,0.25,-4.84690005095192,151.6933137949701,5.028431424723493,32.9868,37.4,34.1334,38.7,2.16,2.07,62,70.0,9.48016156934767,9,12,-0.5,13.68145125528676,1312051175.382,1,2.61363636363636,6,106,5.31,0.3099999999999996,223.1,37.25,0.25,183.4,0.83,90.8,0.9569288389513109,90.7,85.7,67,-106,-226.0,-346,-791.0,10.57648434201042,-0.0148393628184313,36,29496372724.8,1.44,75.2,88.2,95.2,6.063238073618352,3,2,6,2,94.9,95.9,39.97374779735683,4752851.89612,0.0416666666666667,2.25,2.25,30,4.15,332740842,2.07,1.0,1
RA027,LV-102,Many small,No,Yes,No,United States of America,Y,Raritan/500mL,Termination,Memorial Sloan Kettering Cancer Center,MSKCC,MED-103,IL2-201,normal,medium CD4,D,INC-07,High,3148023185,3454180655,3079066172.0,634464,32075685.5,-5.679535654258938,0.4000722804481388,1.107,2.073,2.767,,105000000000.0,0.41,2.1,2,1.5764,56.3,56.9,2.8,112.9360115688377,38.34914131967923,18.11886446473961,45.28897739289476,33.92990608437688,91.0,0.9086321787261569,2907.622971923702,,35.466,51.4,17501481037.542,2.190486652067876,68957028.0,6.0,3.0,0.7142857142857143,2,4.898446833930699,-1.400000000000006,57,0,9,1,15.0,1,22.193088,0,89.2,-8.418891170431214,64151371,0.0,16824102,3282382.3002,,,15064879,3303727.9647,1.723,2.343,33835892,44971760,-219,28.0,0.395,7.1,0.9,1.558752697116656,91.87282493569373,4.531231083497941,60.81329999999999,68.1,40.00639999999999,44.8,2.01,2.01,129,135.0,10.03174417494066,6,21,0.0,28.20827074433071,1791225192.265,1,6.165919282511211,3,177,4.9,0.09999999999999964,195.1,36.84,0.1599999999999966,219.3,1.02,90.6,0.9894551845342706,87.8,83.7,67,-106,-226.0,-346,-791.0,5.057569213734904,0.1818690979146411,21,34049574003.0,0.94,69.0,89.3,97.4,9.095727188031496,3,2,7,3,74.8,63.5,37.34645916114791,3063352.513267,0.0,2.01,2.01,30,4.14,306157470,,1.0,0
RA028,LV-103,,No,Yes,No,Israel,N,Raritan/500mL,,Rambam Health Care Campus,107306,MED-100,IL2-202,normal,high CD4,B,INC-08,,2803473311,3251235384,2897318522.0,520906,27149126.5,-7.024397254503945,0.3438874230430958,1.003,2.11,2.779,2.122,115000000000.0,0.4,2.0,4,0.93732,43.8,40.2,2.14,125.4432621884847,43.8190892737947,18.90254182044762,54.96723797915334,40.91844347014545,74.0,1.284571715410439,4303.31524662497,146.3987744429897,44.5136,64.7,18592390236.6592,-3.347462704097163,-93845223.0999999,0.0,0.0,0.75,2,4.262295081967219,7.700000000000003,52,0,44,0,40.0,0,3.425244000000006,1,87.7,-9.400826446280988,108596506,8055.0,15790877,3301872.3807,2.906,0.952,17418590,3539457.488,1.342,2.266,39152953,49270181,-219,29.0,0.445,7.4,1.4,3.288147353835256,117.7618543953998,4.777120264419995,29.158,30.5,37.18839999999999,38.9,2.25,2.04,76,80.0,7.236376173518423,6,16,-0.5,19.53199776467938,1126996271.022,1,-4.332953249714934,6,68,4.78,0.2199999999999998,209.1,37.21,0.2100000000000009,203.2,0.5,95.1,1.08955223880597,95.4,91.5,67,-106,-226.0,-346,-791.0,6.22913686333677,-0.1056497619789219,48,28736306393.6,1.88,68.8,95.6,96.8,5.455628112998268,3,2,8,2,98.3,57.7,41.17029758149317,3871822.064479,0.09333333333333332,2.46,2.04,20,4.17,447762073,2.46,,1
