Patient Lot/Batch #,Vector Lot,split,day 3 clump pattern,Day 10 Clump Present Bag 1,Day 10 Clump Present Bag 2,Day 10 Clump Present Bag 3,Country,Pre-Activation Clumps: Y/N?,Clinical Site ID,IL-2 Lot,Clinical Site,Media Lot,growth profile,CD4 profile,Shift Team,Clump Severity,# of Culture Bags,% cells lost during formulation,Amount of Time G-Rex A in Incubator (120min+/-30 min),Amount of Time G-Rex B in Incubator (120min+/-30 min),Avg_cells_per_bag_D3,CAR T produced per cell engaged D3,Clump_burden_weighted_post_massage,Clump_burden_weighted_post_mixing,Clump_burden_weighted_pre,Clump_count_reduction_fraction,Clump_size_reduction_fraction,D10 Achievable Dose (E6 CAR+ viable T-cells),D10 Glucose / E6 cells,D10 Lact / E6 cells,D10 Total CAR+ viable T-cells achieved,D10 harvest - D10 wash viability change (%),D10_clump_bag_count,D3-D10 viability change (%),D3_contact_time_deviation,D3_contact_time_deviation_G-Rex_A,D3_contact_time_deviation_G-Rex_B,D3_contact_time_within_window,D3_contact_time_within_window_G-Rex_A,D3_contact_time_within_window_G-Rex_B,D3_seeding_error_pct,D3_seeding_within_5pct,D6 Glucose / E6 cells,D6 Lact / E6 cells,D8 Glucose / E6 cells,Day 1 Number of Mixing Cycles Post Activation,Day 3 Average of Pooled Viability (%),Day 3 Number of G-Rex to seed,Day 6 Activity of IL-2 (IU/mg),Day 6 CO2 Saturation (%),Day 6 CO2 Saturation (%) dev_from_5.0pct,Day 6 Glucose G-Rex A (g/L),Day 6 Glucose G-Rex B (g/L),Day 6 IL-2 Protein Content (µg/vial),Day 6 Lactate G-Rex A (g/L),Day 6 Lactate G-Rex B (g/L),Day 6 Temperature (°C),Day 6 Temperature (°C) dev_from_37.0C,Day 8 Activity of IL-2 (IU/mg),Day 8 Glucose G-Rex A (g/L),Day 8 Glucose G-Rex B (g/L),Day 8 IL-2 Protein Content (µg/vial),Day 8 Lactate G-Rex A (g/L),Drop viability D3 vs D0 (%),Final Formulation CS5 Viability Average (%),Final Formulation CS5 Viable Cell Concentration Average (cells/mL),Glucose_perE6_slope_D6_D10,Harvest Glucose (g/L),Harvest Lactate (g/L),Harvest Post Wash Viability Average (%),Harvest Post Wash Viable Cell Concentration Average (cells/mL),Harvest Post Wash Viable Cell Count (cells),Harvest Pre-Wash Cell Viability (%),Harvest Pre-Wash Flow CAR+ Expression (%),Harvest Pre-Wash Viable Cell Count after Sampling (cells),IL2_IU_total_D6,IL2_IU_total_D8,Incubation D0-D1 (min),Incubation D1-D3,Incubation D3-D6 (min),Incubation D6-D8 (min),Incubation D8-D10 (min),Incubation_total_D3_to_D10_min,Lactate_perE6_slope_D6_D10,Lactate_to_Glucose_perE6_ratio_D10,Lactate_to_Glucose_perE6_ratio_D6,Log (PE CD4:CD8),Mixing_cycles_x_pre_activation_clump_count,PE CD3+CD4+ (%),PE CD3+CD8+ (%),PT CD3+CD4+ (%),PT Total  CD3+ (Viable Cells),PT Total CD4+ (Viable Cells),Post Thaw CD4:CD8 Ratio,Post Thaw FLOW CD3+ (%),Post Thaw FLOW CD4+ (%),Post Wash POS FLOW CD3+ (%),Post Wash POS FLOW CD4+ (%),Post Wash POS FLOW CD8+ (%),Post Wash POS Viability (%),Post formulation dose,Post-Massaging: # of Clumps,Post-Massaging: Size of Clumps,Post-Mixing Clumps: # of Clumps,Post-Mixing Clumps: Size of Clumps,Pre-Activation Clumps: # of Clumps before massage,Pre-Activation Clumps: Size of Clumps before massage,Provirus Vector Copy Number (copies/transduced cell),Seeded_cells_cv_AB,Target Final Seeding Density per Area (VC/cm^2) G-Rex A,Total CS5 cell concentration (E6 cells/mL),Vector_volume_cv_AB_mL,Vector_volume_max_AB_mL,Vector_volume_mean_AB_mL,Vector_volume_min_AB_mL,Viability_change_D3_to_D10_pct,Volume CS5 Used for Formulation (mL),Volume Vector Added to G-Rex A (mL),Volume Vector Added to G-Rex B (mL),Volume per Bag (mL),cPDL (D3 to D10),total cells lost during LOVO wash (cells),total viable cells in formulated suspension,Day 3 Incubation Time (120min+/-30 min),D3_clumps_flag,fp_flow_car
QCGS03V,LV-101,validation,Many small,Yes,No,Yes,Belgium,No,1200,IL2-200,UZ Gent,MED-100,undergrowth,low CD4,C,,2,3.982086587313814,60,60.0,28851108.5,6.562364437214184,12,1.0,21,0.4285714285714286,0.0,24.65703376372093,27.07694941479943,33.08191803501705,1378328187.392,-0.2134471718249763,2,1.884816753926698,60,60,60.0,0,0,0,9.908984000000004,0,52.58896761342094,14.90324030290372,39.45082414736906,5,95.5,1,14772824,4.91,0.08999999999999986,2.89,,232.9,0.819,,36.59,0.4099999999999966,17769650,2.168,,198.1,1.253,6.584821428571436,84.7,33482482,-6.378004549655378,1.488,1.818,93.5,45320661,2692047241,93.7,51.2,3010651621,3440590.7096,3520167.665,67,-106,-159,-226.0,-406,-791.0,4.544669433028332,1.221774193548387,0.2833910034602076,0.05160666290694177,35,55.4944,49.2768,30.6087,34221852797.1,13586075560.4487,2.29,77.1,39.7,92.8,59.8,53.1,89.6,6.133463607871198,4,3,1.0,1,7,3,2.71,0.0,488971.177866,39.53067532467533,0.0,2.38,2.38,2.38,-2.0,77.2,2.38,,20,3.68,318604380,2584847610.4,60,1.0,57.6
GH001,LV-102,training,,Yes,No,No,Netherlands,No,1201,IL2-201,UZ Leuven,MED-101,normal,low CD4,C,Low,4,-1.469507334779432,127,125.0,31754521.0,6.825819458850635,10,3.0,6,-0.6666666666666667,0.0,12.42592106952503,24.40282436569768,35.56265258171796,967979251.3160001,1.855895196506554,1,-1.215469613259662,11,7,5.0,1,1,1,20.969604,0,45.65609721265186,16.56614499622566,35.10799291365788,5,90.5,2,21273669,5.1,0.09999999999999964,2.735,2.788,204.5,1.016,0.988,37.14,0.1400000000000006,18811383,2.126,2.121,240.0,1.545,2.60770975056689,94.5,36238333,-5.313318211738546,1.476,2.151,93.3,46422301,3142789777,91.6,30.8,3803695646,4350465.3105,4514731.92,67,-106,-159,-226.0,-406,-791.0,4.749126896373075,1.457317073170732,0.3628462791960891,0.01165961254499335,15,27.1196,26.4012,25.228,36249007174.8,12324662439.432,2.17,74.2,34.0,89.8,30.2,29.4,88.2,2.86557293042362,5,2,3.0,1,3,2,1.67,0.01522815564188498,436164.426775,38.34744232804233,0.02293577981651378,2.23,2.18,2.13,2.799999999999997,88.0,2.13,2.23,20,4.47,660905869,3188973304.0,131,,31.9
GH002,LV-909,training,Many small,Yes,Yes,Yes,Belgium,No,1202,IL2-202,AZ Sint-Jan,MED-102,undergrowth,high CD4,D,Medium,4,1.018594676486201,74,70.0,29300882.0,6.816586888679815,2,0.0,24,0.8333333333333334,0.5,15.81286232247177,27.71844879031816,34.49128243139138,1260285127.101,-4.19354838709678,3,-6.896551724137931,120,46,50.0,0,0,0,11.62240799999999,0,51.8175526190046,14.55800881844441,39.18568035192361,2,87.0,2,16108367,4.87,0.1299999999999999,2.944,2.84,231.2,0.776,0.849,36.47,0.5300000000000011,21265640,2.184,2.19,183.8,1.36,-1.360544217687078,95.5,34249753,-6.02477595717161,1.547,1.925,89.1,44988171,2937727569,93.0,42.9,3401917831,3724254.4504,3908624.632000001,67,-106,-159,-226.0,-406,-791.0,4.983318403236741,1.244343891402715,0.2809474412171508,0.3530852298932494,12,54.6616,24.2436,37.8805,24928288895.3,17075877893.2805,1.6,55.3,68.5,90.8,60.2,26.7,88.2,5.530669022710162,1,2,0.0,2,6,4,2.24,0.01522812407763742,408183.520324,35.86361570680629,0.03908045977011493,2.26,2.175,2.09,2.099999999999994,84.9,2.09,2.26,30,3.99,464190262,2907804029.7,0,1.0,42.7
GH003,LV-101,validation,Many small,Yes,Yes,No,Netherlands,Yes,1200,IL2-200,,MED-103,normal,high CD4,F,High,2,3.494824427674633,141,135.0,33339042.5,13.24183111939043,5,6.0,6,0.1666666666666666,0.0,27.32907430700581,20.36126265528061,47.02144647228763,1880240312.322,-2.739726027397269,2,-0.6362672322375488,33,21,15.0,0,1,1,27.005876,0,41.84058381676766,19.24320414907417,31.11667053892845,4,94.3,1,17761665,5.38,0.3799999999999999,2.657,,199.8,1.222,,36.76,0.240000000000002,16851126,1.976,,185.7,2.222,5.363128491620109,86.4,39257425,-5.369830290371763,1.293,2.986,92.3,52888684,3665185794,94.9,51.3,4166438254,3548780.667,3129254.0982,67,-106,-159,,-406,,6.944560580803364,2.309358081979892,0.4599171998494542,-0.192420042591806,24,32.5032,50.62280000000001,55.5564,41237831179.2,28495341344.8272,1.01,80.4,69.1,93.4,34.8,54.2,89.5,8.781566435319768,5,1,3.0,2,6,1,2.65,0.0,552966.216527,45.43683449074074,0.0,2.15,2.15,2.15,-2.0,90.1,2.15,,30,4.69,501252460,3537093992.5,153,1.0,57.8
GH008,LV-909,training,Few small,Yes,Yes,No,Belgium,Yes,1202,IL2-202,UZ Gent,MED-100,normal,medium CD4,B,High,4,1.364021354574575,116,100.0,23970515.25,8.58782531050909,3,2.0,11,0.7272727272727273,0.0,10.88766365567347,32.89666442606507,41.61362344176008,1066991038.256,-2.178899082568813,2,1.357466063348419,32,4,20.0,0,1,1,8.683751,0,61.29248694829767,20.7192040925816,46.47584681232362,3,88.4,2,19428520,5.22,0.2199999999999998,2.804,2.793,192.6,0.988,0.904,37.26,0.259999999999998,15596306,2.092,2.152,234.2,1.627,-9.053497942386828,87.1,37635022,-7.09895563055815,1.502,1.9,85.3,49602112,2430503504,87.2,43.9,2910965031,3741932.952,3652654.8652,67,-106,-159,-286.0,-346,-791.0,5.22360483729462,1.264980026631158,0.338038234768626,0.3122424729376746,33,54.0937,26.3575,32.67,24892458232.5,12047949784.53,1.53,67.5,48.4,81.1,66.7,32.5,97.2,3.371790746530612,3,1,1.0,2,11,1,2.33,0.01522814380232533,524057.553275,43.20898048220436,0.002444987775061073,2.05,2.045,2.04,-3.100000000000009,63.7,2.05,2.04,20,4.29,480461527,2397350901.4,88,1.0,43.1
GH010,LV-102,training,,No,No,Yes,Belgium,No,1201,IL2-201,AZ Sint-Jan,MED-102,overgrowth,medium CD4,A,,4,-1.90085791525752,70,110.0,24550239.5,9.600814391943388,3,3.0,6,-0.5,0.6666666666666667,6.340799428275155,27.17997921447978,70.50542208508249,617593864.314,7.711442786069638,1,8.009153318077802,10,50,10.0,1,0,1,6.475278000000003,0,54.06057234791887,29.63922202302831,39.3799620168879,2,87.4,2,14083867,4.67,0.3300000000000001,2.563,2.493,226.1,1.347,1.425,36.67,0.3299999999999983,19909626,1.838,1.845,223.2,2.626,-9.896907216494839,85.5,32065005,-6.720148283359772,1.271,3.297,86.6,40912719,2221560663,80.4,27.8,2627372264,3184362.3287,4443828.5232,67,-106,-159,-286.0,-346,-791.0,10.21655001551354,2.594020456333595,0.5482594936708862,0.03573946123633896,4,48.8379,44.9798,42.17850000000001,30933301908.6,15930650482.929,1.22,81.9,51.5,94.1,51.9,47.8,97.0,1.830404802874743,3,1,3.0,1,2,3,1.52,0.01522813986306382,500648.142663,37.5029298245614,0.0574712643678161,2.3,2.175,2.05,-0.8000000000000114,70.6,2.05,2.3,20,5.11,405811601,2263789353.0,110,,28.3
GH014,LV-909,training,,Yes,No,Yes,Belgium,No,1202,IL2-202,AZ Sint-Jan,MED-102,normal,high CD4,F,Severe,4,2.135859339823531,98,70.0,24756557.75,8.826718823565582,0,4.0,4,1.0,0.0,16.03654649214481,31.95819909970763,46.08172969055387,1173875203.225,-2.954048140043767,2,2.245989304812828,26,22,50.0,1,1,0,5.689304000000007,0,59.47363594899141,20.32643253952871,44.23676398274063,2,93.5,2,15945518,5.32,0.3200000000000003,2.791,2.818,217.3,0.928,0.989,37.38,0.3800000000000026,14251576,2.069,2.103,192.2,1.375,3.314917127071823,84.2,38416362,-6.878859212320944,1.507,2.173,88.7,51023633,2637921805,91.4,44.5,2997603494,3464961.0614,2739152.9072,67,-106,-159,-286.0,-346,-791.0,6.438824287756291,1.441937624419376,0.3417721518987341,0.2312165653817648,8,40.5888,23.8336,42.693,25327862913.5,16260487990.467,1.17,66.5,64.2,89.6,45.3,26.6,90.5,7.006262741803278,0,1,2.0,2,4,1,2.38,0.01522874211274307,562291.379406,45.62513301662707,0.03102625298329364,2.16,2.095,2.03,-4.799999999999997,67.2,2.03,2.16,30,4.31,359681689,2581579526.4,94,,44.2
GH015,LV-101,validation,Many small,Yes,No,No,Netherlands,Yes,1200,IL2-200,,MED-103,normal,low CD4,D,,2,-0.928670192385481,165,135.0,32691173.5,8.066216554313105,1,1.0,22,0.9090909090909091,0.5,15.25191364278252,23.47881451322203,43.63333723148033,1430629499.693,1.520086862106412,1,-2.333333333333327,45,45,15.0,0,0,1,24.53780399999999,0,43.90634670256431,16.41268702634262,31.63697988443734,4,90.0,1,18449113,5.09,0.08999999999999986,2.734,,214.6,1.022,,36.42,0.5799999999999983,16240799,1.97,,210.1,2.018,0.3344481605351139,84.2,35394506,-5.10688304733557,1.462,2.717,93.5,45613018,3398169833,92.1,42.1,3893323110,3959179.6498,3412191.8699,67,-106,-159,-286.0,-346,-791.0,6.805162551284428,1.858413132694938,0.3738112655449891,0.06682814614349282,44,56.12,48.11599999999999,21.8925,34954408674.0,11010638732.31,1.23,69.5,31.5,92.0,61.0,52.3,89.7,3.177204056716418,1,1,1.0,1,11,2,2.14,0.0,572958.847333,42.03623040380047,0.0,2.11,2.11,2.11,3.5,96.9,2.11,,20,4.26,495153277,3429727631.4,165,1.0,45.7
GH016,LV-102,training,Many small,Yes,No,Yes,Belgium,Yes,1201,IL2-201,UZ Gent,MED-100,overgrowth,high CD4,E,Low,4,1.661724471274256,112,80.0,24378103.75,14.89628987945506,15,0.0,16,-0.25,0.25,12.08125752064873,27.32882772347408,68.76355155323306,763535475.305,1.191765980498384,2,-5.125284738041003,4,8,40.0,1,1,0,7.131033000000002,0,55.19604842810407,27.70570281028322,40.58406291953263,2,87.8,2,15878552,5.36,0.3600000000000003,2.624,2.502,195.0,1.301,1.272,37.1,0.1000000000000014,18958804,1.966,1.803,195.8,2.119,-9.39112487100104,86.3,35523744,-6.966805176157497,1.269,3.193,93.4,46968011,2503395001,92.3,30.5,2754614513,3096317.64,3712133.8232,67,-106,-159,-286.0,-346,-791.0,10.26446218573746,2.516154452324665,0.5019508388607102,-0.0008125249926720381,8,48.06,48.15,46.8292,27528504923.4,17563186141.1292,1.24,73.4,63.8,90.0,53.4,53.5,96.9,5.143073696202531,5,3,0.0,2,4,4,1.67,0.01522829814872908,414113.21558,41.16308690614137,0.01851851851851853,2.2,2.16,2.12,5.600000000000009,69.3,2.12,2.2,30,5.61,251219512,2461795459.2,116,1.0,32.1
GH017,LV-909,training,Few small,No,Yes,Yes,Netherlands,No,1202,IL2-202,UZ Leuven,MED-101,normal,high CD4,B,Medium,4,-7.960885145720543,179,145.0,30407512.75,7.647313683558724,0,6.0,18,1.0,0.5,11.60757570299824,24.17165799894032,44.37225789805472,658149542.3599999,14.63414634146341,2,13.41077085533263,7,59,25.0,1,0,1,15.838144,0,46.51317617796087,22.12569980403001,33.71946290852173,5,94.7,2,14362965,5.36,0.3600000000000003,2.665,2.723,229.0,1.317,1.246,37.25,0.25,14508929,1.912,1.994,181.0,2.317,-3.268641470888665,85.4,34099132,-5.585379544755138,1.4,2.57,94.0,41055315,2697334190,82.0,24.4,3230539675,3289118.985,2626116.149,67,-106,-159,-286.0,-346,-791.0,5.561639523506178,1.835714285714286,0.4756867112100964,0.1166104711207161,45,54.84569999999999,41.93069999999999,48.89059999999999,36535796287.1,22871408475.7246,1.19,78.1,62.6,86.1,63.7,48.7,97.9,4.402215983068782,0,1,3.0,2,9,2,1.38,0.01522841782781524,579143.053353,39.92872599531616,0.02912621359223303,2.12,2.06,2.0,-0.7000000000000028,85.4,2.0,2.12,30,4.97,533205485,2912065872.8,127,1.0,25.3
GH021,LV-101,validation,,Yes,Yes,No,Netherlands,No,1200,IL2-200,UZ Leuven,MED-101,normal,medium CD4,F,Low,2,0.404836537351273,147,165.0,23901108.5,8.10910636205434,4,2.0,20,0.6,0.5,8.63628628930279,32.3332283601687,54.43052980740357,867083143.4460001,1.65016501650165,2,1.409978308026027,51,27,45.0,0,1,0,8.948158000000006,0,61.04214783485654,23.28343890066497,43.99691331889804,4,92.2,1,19989110,4.84,0.1600000000000001,2.779,,189.0,1.06,,36.62,0.3800000000000026,21756923,2.003,,229.3,1.823,-5.1440329218107,94.5,36128070,-7.17722986867196,1.472,2.478,92.4,47143556,2470322346,90.9,35.1,2812776535,3777941.79,4988862.4439,67,-106,-219,-226.0,-346,-791.0,7.78677272668465,1.683423913043478,0.3814321698452681,0.2179125189072617,40,53.51080000000001,32.3988,24.5376,21180059193.6,9022705216.4736,0.92,57.6,42.6,81.2,65.9,39.9,97.2,2.526086169322709,4,1,1.0,2,10,2,1.89,0.0,545322.003594,38.23076190476191,0.0,2.23,2.23,2.23,0.2000000000000028,68.1,2.23,,20,4.53,342454189,2460321567.0,171,,33.4
GH022,LV-102,training,,Yes,Yes,No,Belgium,No,1201,IL2-201,AZ Sint-Jan,MED-102,normal,medium CD4,F,Medium,4,1.83432520096944,94,110.0,31709822.25,12.974533809329,3,0.0,7,0.5714285714285714,0.0,20.75708240050633,22.93059208618247,41.04327637663996,1639809509.64,0.4608294930875642,2,2.471910112359553,58,26,10.0,0,1,1,20.799323,0,43.8578616868573,18.98189445978932,33.03826462669828,2,89.0,2,18301045,4.93,0.07000000000000028,2.685,2.613,198.6,1.157,1.136,36.56,0.4399999999999977,16811148,1.994,1.997,202.1,1.921,-8.530318602261046,88.7,35273637,-5.231817400168707,1.385,2.479,87.2,46723544,3065064504,86.8,53.5,3536484085,3634587.537,3397533.0108,67,-106,-219,-226.0,-346,-791.0,5.515345479212661,1.789891696750903,0.4328048320120801,0.2026163649442471,14,60.896,38.192,37.0183,39173826626.0,18059134074.586,2.13,80.3,46.1,88.0,69.2,43.4,97.3,7.166352833544305,3,1,0.0,1,7,1,2.68,0.01522858250440866,503936.193924,39.7673472378805,0.006896551724137887,2.19,2.175,2.16,-1.799999999999997,85.3,2.19,2.16,30,4.6,471419581,3008841236.1,62,,50.4
GH023,LV-909,training,Few small,No,No,Yes,Netherlands,Yes,1202,IL2-202,,MED-103,normal,high CD4,D,High,4,-2.404130758015816,161,175.0,33103600.25,12.1710236269416,6,3.0,2,-0.5,-1.0,14.65797425139922,20.79154522835504,48.97352529760516,1498044968.493,18.37237977805179,1,14.98951781970651,13,41,55.0,1,0,0,26.108953,0,42.60601545078246,19.64174581641321,31.37762946933672,2,95.4,2,20367849,4.72,0.2800000000000002,2.681,2.692,181.4,1.346,1.131,36.76,0.240000000000002,16544770,1.976,1.981,186.8,2.046,1.814300960512276,87.9,35736731,-5.453617555606856,1.311,3.088,96.0,45390488,3381591351,81.1,44.3,3871866849,3694727.8086,3090563.036,67,-106,-219,-226.0,-346,-791.0,7.332944870297986,2.355453852021358,0.4610087474409084,-0.1961727721301466,4,28.7388,45.1483,41.4864,30709955146.5,21128449140.792,0.61,60.3,68.8,88.7,32.4,50.9,93.7,4.647173727886496,3,2,3.0,1,2,1,2.3,0.01522852083959974,466693.018198,40.65612172923777,0.007712082262210805,1.96,1.945,1.93,0.5999999999999943,96.9,1.96,1.93,30,4.78,490275498,3462889233.9,133,1.0,48.2
GH024,LV-101,validation,,No,Yes,No,Belgium,Yes,1200,IL2-200,UZ Gent,MED-100,normal,medium CD4,A,Severe,2,-5.162789822719675,108,60.0,22254748.5,12.11774673307811,9,0.0,33,0.7272727272727273,0.0,12.50666296774074,32.48407873206502,69.16726132346741,1013039700.387,-0.6659267480577074,1,-2.154195011337859,36,12,60.0,0,1,0,15.220006,0,64.47275757061271,26.18542294305895,46.8742661151875,2,88.2,1,16493911,5.19,0.1900000000000004,2.733,,210.5,1.11,,36.79,0.2100000000000009,20869005,1.987,,183.0,2.056,-7.933194154488513,90.3,40710031,-7.997169709636923,1.377,2.932,89.5,50349635,2361397903,90.1,42.9,2567188834,3471968.2655,3819027.915,67,-106,-219,-226.0,-346,-791.0,10.74545959510212,2.129266521423384,0.4061470911086718,0.04342131235119085,22,47.38,42.872,24.5366,20097749555.4,8400859314.1572,0.61,58.7,41.8,92.0,51.5,46.6,95.8,4.312247728148148,3,3,0.0,1,11,3,2.28,0.0,436051.574891,45.08309080841639,0.0,1.96,1.96,1.96,1.299999999999997,61.0,1.96,,20,4.82,205790931,2483311891.0,84,,51.0
GH028,LV-102,training,Many small,Yes,No,Yes,Belgium,Yes,1201,IL2-201,UZ Gent,MED-100,normal,low CD4,C,High,4,-0.1860411917765109,76,80.0,28765432.5,6.156320028217166,12,2.0,11,0.6363636363636364,-2.0,14.12488964987552,25.91652324365365,37.76146943036577,1021229521.686,6.696935300794558,2,7.06751054852321,52,44,40.0,0,0,0,9.5826,0,51.45889949681791,17.6670383801808,38.03523552096775,6,94.8,2,14162567,4.87,0.1299999999999999,2.871,2.768,183.3,0.945,0.991,37.03,0.03000000000000114,19004483,2.039,2.129,217.7,1.449,4.867256637168132,89.4,38651247,-6.385594063291067,1.42,2.069,94.0,50185735,2986051233,88.1,34.2,3324171313,2595998.5311,4137275.9491,67,-106,-219,-226.0,-346,-791.0,5.023607762546244,1.457042253521127,0.3433232842702608,0.3433190577800574,66,54.32,24.64,29.7654,35315100256.8,13172532395.7864,1.99,79.8,37.3,80.0,67.9,30.8,90.4,5.48494874439834,4,3,1.0,2,11,1,1.92,0.01522877962787179,514118.71576,43.23405704697986,0.07586206896551727,2.34,2.175,2.01,-0.7999999999999972,77.4,2.01,2.34,30,4.17,338120080,2991606517.8,68,1.0,34.9
GH030,LV-101,validation,Many small,No,No,No,Belgium,No,1200,IL2-200,AZ Sint-Jan,MED-102,normal,medium CD4,F,,2,1.414075131690218,90,90.0,32549527.5,12.22273839233985,10,0.0,44,0.5454545454545454,0.5,21.20264557239368,23.27453140448813,38.27474914958443,1744977730.608,1.531728665207868,0,-4.100227790432812,30,30,30.0,1,1,1,23.9982,0,44.71032644022252,17.6938052326566,32.9037034408564,2,87.8,1,18182371,4.96,0.04000000000000004,2.772,,215.7,1.097,,37.49,0.490000000000002,19606570,2.04,,186.1,1.924,-8.636836628511963,84.6,39828454,-5.358948758933597,1.443,2.373,92.8,52538049,3462257402,91.4,50.4,4081493065,3921937.4247,3648782.677,67,-106,-219,-226.0,-346,-791.0,5.145235979231956,1.644490644490644,0.3957431457431458,0.2577192410503934,22,47.2056,26.078,31.185,38558670997.0,15616261753.785,1.47,77.0,40.5,88.4,53.4,29.5,96.1,4.878138715917376,5,2,0.0,1,11,4,2.64,0.0,487535.427105,47.07855082742317,0.0,2.03,2.03,2.03,5.0,85.7,2.03,,20,4.6,619235663,3413298507.8,90,1.0,49.0
GH031,LV-102,training,Many small,No,No,Yes,Netherlands,Yes,1201,IL2-201,,MED-103,overgrowth,low CD4,C,Low,4,0.4335127915097539,157,155.0,33030568.75,14.85569164046865,6,2.0,4,0.0,-0.5,13.97672389963225,21.01235391307965,51.81563824254134,988154379.7040001,0.9184845005740658,1,-0.5773672055427251,41,37,35.0,0,0,0,25.830738,0,40.83263025922967,21.49713212363103,29.85756945969752,2,86.6,2,16842321,4.98,0.01999999999999957,2.569,2.569,209.8,1.281,1.424,37.51,0.509999999999998,21324660,1.894,1.863,233.0,2.184,-9.129066107030434,85.0,31801981,-4.955069086537505,1.322,3.26,87.9,41522581,3031148404,87.1,32.6,3642213821,3533518.9458,4968645.78,67,-106,-219,-226.0,-346,-791.0,7.579626529727577,2.465960665658094,0.5264694433631764,0.04657614204135522,4,38.468,34.556,25.7267,35622197839.39999,13073346607.0598,1.03,70.1,36.7,81.5,47.2,42.4,95.3,2.932799379349364,2,3,1.0,2,2,2,1.74,0.01522877345480509,599520.431174,37.41409529411764,0.03529411764705891,2.2,2.125,2.05,1.300000000000011,94.9,2.2,2.05,20,5.51,611065417,3018007996.9,161,1.0,32.0
GH035,LV-909,training,Many small,No,No,Yes,Netherlands,Yes,1202,IL2-202,,MED-103,undergrowth,high CD4,D,,4,-4.898872510930255,125,175.0,31588226.25,5.255902271701886,5,3.0,24,0.375,0.6666666666666667,14.04116673289474,25.87752137554732,24.0825487945845,1280554406.04,2.522935779816517,1,-2.588235294117651,25,5,55.0,1,1,0,20.3361,0,48.85483242352046,12.35705661060978,36.97975919113217,6,85.0,2,15567800,4.76,0.2400000000000002,2.976,2.903,197.7,0.737,0.75,37.27,0.2700000000000031,18587140,2.229,2.221,204.7,1.344,-8.405172413793101,93.6,34732699,-5.744327761993284,1.557,1.449,89.4,43033720,2814405288,87.2,45.5,3327018771,3077754.06,3804787.558,67,-106,-219,-226.0,-346,-791.0,2.931373045993679,0.9306358381502889,0.2529341724783126,0.2209615287114629,48,55.55040000000001,33.3984,45.4194,34115284242.0,22072588904.574,1.74,70.2,64.7,85.2,65.2,39.2,92.8,5.198479620065789,5,1,3.0,1,8,3,2.4,0.01522870682322433,574916.710364,37.10758440170941,0.009708737864077678,2.08,2.06,2.04,4.400000000000006,85.0,2.04,2.08,30,3.53,512613483,2952279415.0,145,1.0,43.3
GH036,LV-101,validation,Many small,No,No,Yes,Belgium,Yes,1200,IL2-200,UZ Gent,MED-100,normal,high CD4,C,Low,2,1.056907423149206,72,60.0,30657609.0,8.310314764922385,8,4.0,18,0.3333333333333334,0.3333333333333334,14.51977553531207,23.47785818777718,44.50689528084091,1046875816.096,4.668304668304665,1,14.22550052687039,24,48,60.0,1,0,0,16.790892,0,44.90076161075985,17.91235569979207,34.71161090198712,3,94.9,1,16934663,5.14,0.1399999999999997,2.622,,217.3,1.046,,37.45,0.4500000000000028,15049586,2.027,,207.1,2.08,-1.658031088082896,88.8,41558291,-5.355725855745669,1.371,2.599,85.2,54624643,3162766816,81.4,33.1,3511069511,3679902.2699,3116769.2606,67,-106,-219,-226.0,-346,-791.0,6.64863489526221,1.895696571845368,0.398932112890923,0.2963565280084143,18,52.0835,26.3235,54.23,40090719370.0,25577878958.06,2.35,85.0,63.8,80.5,64.7,32.7,96.5,5.723631478918169,4,2,2.0,2,6,3,1.8,0.0,415875.029057,46.79987725225225,0.0,1.88,1.88,1.88,-9.700000000000003,75.3,1.88,,30,4.65,348302695,3129339312.3,96,1.0,36.8
GH037,LV-102,training,,No,Yes,No,Netherlands,No,1201,IL2-201,UZ Leuven,MED-101,overgrowth,low CD4,B,Medium,4,0.6925304815674023,139,125.0,28973742.5,17.89512176182527,6,6.0,10,0.4,0.0,26.45566910706995,24.96915955457846,58.9801265240587,1399504895.764,9.904534606205248,1,8.013172338090008,47,19,5.0,0,1,1,10.37616199999999,0,47.85453583718557,24.3983841366037,33.56703053327765,2,91.1,2,21398739,5.01,0.009999999999999787,2.599,2.683,196.4,1.323,1.37,37.12,0.1199999999999974,20107048,1.878,1.827,186.1,2.587,-2.878464818763329,85.5,35261194,-5.721344070651776,1.378,3.255,92.1,46175632,2996798492,83.8,46.7,3417041666,4202712.3396,3741921.6328,67,-106,-219,-226.0,-346,-791.0,8.645435596863749,2.362119013062409,0.509844755774328,0.1580001503058042,10,52.4566,36.4586,22.2852,26210093355.6,9933625381.7724,1.83,58.8,37.9,84.2,62.3,43.3,93.8,6.225700415122875,3,2,3.0,2,5,2,2.29,0.01522823756156883,441101.649596,41.24116257309942,0.002298850574712697,2.18,2.175,2.17,1.0,84.4,2.17,2.18,20,5.26,420243174,2976044773.6,167,,50.6
GH038,LV-909,training,Many small,No,Yes,Yes,Belgium,No,1202,IL2-202,AZ Sint-Jan,MED-102,normal,low CD4,F,High,4,0.3762433535134642,86,70.0,35207837.0,9.550638429189979,2,4.0,30,0.9,0.3333333333333334,15.01885821293303,19.83223228780911,40.64862046358469,1300633121.24,9.452736318407952,2,15.45741324921135,2,34,50.0,1,0,0,34.12509299999999,0,39.89559209476187,19.29541998528195,28.17519015625212,2,95.1,2,15886994,5.06,0.05999999999999961,2.656,2.695,213.1,1.194,1.394,37.03,0.03000000000000114,14679067,1.874,1.905,226.1,2.031,6.256983240223457,91.1,37215716,-5.015839951738188,1.33,2.726,88.0,48552827,3515224652,80.4,37.0,4022920405,3385518.4214,3318937.0487,67,-106,-219,-226.0,-346,-791.0,5.338300119575686,2.049624060150376,0.4836479162773313,0.1252135195860864,20,43.3721,32.5085,25.647,44957699241.0,13891929065.469,1.3,83.0,30.9,82.3,52.7,39.5,89.5,4.770143736720554,1,2,2.0,2,10,3,1.96,0.01522874459253104,477650.63735,40.85149945115258,0.006896551724137887,2.19,2.175,2.16,-7.099999999999994,94.1,2.16,2.19,30,4.69,507695753,3501998875.6,118,1.0,35.6
