Batch,Query[Media Lot],Query[IL-2 Lot]
QCGS03V,MED-100,IL2-200
GH001,MED-101,IL2-201
GH002,MED-102,IL2-202
GH003,MED-103,IL2-200
GH004,MED-100,IL2-201
GH005,MED-101,IL2-202
GH006,MED-102,IL2-200
GH007,MED-103,IL2-201
GH008,MED-100,IL2-202
GH009,MED-101,IL2-200
GH010,MED-102,IL2-201
GH011,MED-103,IL2-202
GH012,MED-100,IL2-200
GH013,MED-101,IL2-201
GH014,MED-102,IL2-202
GH015,MED-103,IL2-200
GH016,MED-100,IL2-201
GH017,MED-101,IL2-202
GH018,MED-102,IL2-200
GH019,MED-103,IL2-201
GH020,MED-100,IL2-202
GH021,MED-101,IL2-200
GH022,MED-102,IL2-201
GH023,MED-103,IL2-202
GH024,MED-100,IL2-200
GH025,MED-101,IL2-201
GH026,MED-102,IL2-202
GH027,MED-103,IL2-200
GH028,MED-100,IL2-201
GH029,MED-101,IL2-202
GH030,MED-102,IL2-200
GH031,MED-103,IL2-201
GH032,MED-100,IL2-202
GH033,MED-101,IL2-200
GH034,MED-102,IL2-201
GH035,MED-103,IL2-202
GH036,MED-100,IL2-200
GH037,MED-101,IL2-201
GH038,MED-102,IL2-202
GH039,MED-103,IL2-200
RA000,MED-100,IL2-201
RA001,MED-101,IL2-202
RA002,MED-102,IL2-200
RA003,MED-103,IL2-201
RA004,MED-100,IL2-202
RA005,MED-101,IL2-200
RA006,MED-102,IL2-201
RA007,MED-103,IL2-202
RA008,MED-100,IL2-200
RA009,MED-101,IL2-201
RA010,MED-102,IL2-202
RA011,MED-103,IL2-200
RA012,MED-100,IL2-201
RA013,MED-101,IL2-202
RA014,MED-102,IL2-200
RA015,MED-103,IL2-201
RA016,MED-100,IL2-202
RA017,MED-101,IL2-200
RA018,MED-102,IL2-201
RA019,MED-103,IL2-202
RA020,MED-100,IL2-200
RA021,MED-101,IL2-201
RA022,MED-102,IL2-202
RA023,MED-103,IL2-200
RA024,MED-100,IL2-201
RA025,MED-101,IL2-202
RA026,MED-102,IL2-200
RA027,MED-103,IL2-201
RA028,MED-100,IL2-202
RA029,MED-101,IL2-200
